1,Peeter,Kiviorg,peeterkiviorg@gmail.com,"Zaporožets",Passat,2016,20000
2,Karin,Eegreid,karineegreid@gmail.com,Yugo,GV,1988,3990
3,Mario,Metshein,mario.metshein@hkhk.edu.ee,Toyota,"Ei tea",3432,8488471073
4,Neale,Jeffcock,njeffcock3@wordpress.org,Chevrolet,"Express 3500",1996,19053.46
6,Wallache,Tolcher,wtolcher5@hc360.com,Mazda,"Miata MX-5",1996,66635.7
7,Liam,Borgnet,lborgnet6@indiatimes.com,Audi,A5,2010,85399.87
8,Rosabelle,Fautly,rfautly7@irs.gov,Mazda,B-Series,2008,31756.64
9,Wilek,Sperski,wsperski8@wufoo.com,Lexus,LS,2003,47835.57
11,Jamill,Spalding,jspaldinga@liveinternet.ru,Audi,A6,2010,18598.9
12,Riobard,Custed,rcustedb@paginegialle.it,BMW,"8 Series",1996,73065.68
13,Maxie,Scotti,mscottic@dedecms.com,Pontiac,Chevette,1987,40980.74
14,Ansley,Bernardeschi,abernardeschid@alexa.com,Chevrolet,Camaro,1985,94210.41
16,Elladine,Malser,emalserf@exblog.jp,Toyota,Sequoia,2001,64809.3
17,Carolee,Langton,clangtong@wp.com,Infiniti,I,2000,79037.39
18,Jaquelin,Mountstephen,jmountstephenh@redcross.org,Oldsmobile,Bravada,1998,85669.34
19,Guilbert,Linch,glinchi@adobe.com,Mitsubishi,Cordia,1985,50642.93
20,Falkner,Hold,fholdj@bravesites.com,Ford,"Econoline E350",1997,20385.08
21,Wald,Dayce,wdaycek@miibeian.gov.cn,Saab,9000,1999,81219.27
22,Remy,Momery,rmomeryl@columbia.edu,Lexus,IS,2011,83636.66
23,Tam,Abbys,tabbysm@who.int,Volkswagen,Golf,2010,47120.26
24,Emalee,Strainge,estraingen@goo.gl,Volvo,S80,2010,56904.25
25,Vi,Smalles,vsmalleso@ameblo.jp,Suzuki,Vitara,2003,94274.29
26,Una,Whitehall,uwhitehallp@goo.ne.jp,Mercedes-Benz,G-Class,2003,51963.09
27,Bartolemo,Readett,breadettq@mozilla.com,Jaguar,XK,2008,13748.03
28,Guenna,Muckersie,gmuckersier@miitbeian.gov.cn,Pontiac,Bonneville,1993,64493.17
29,Lu,Tight,ltights@ox.ac.uk,Buick,LaCrosse,2006,49824.4
30,Vale,Phil,vphilt@home.pl,Honda,Odyssey,2008,70972.67
31,Alayne,Targe,atargeu@psu.edu,Ford,F450,2010,24553.27
32,Prue,Boliver,pboliverv@a8.net,Volkswagen,Jetta,1999,87275.77
33,Bren,Aindrais,baindraisw@facebook.com,Chevrolet,Corvette,2007,65689.96
34,Carmelia,Langford,clangfordx@wunderground.com,Suzuki,X-90,1997,48089.12
35,Iosep,Bellison,ibellisony@sakura.ne.jp,Chevrolet,"Suburban 2500",1995,2921.14
36,Sheila-kathryn,McLauchlin,smclauchlinz@networkadvertising.org,BMW,525,2002,44690.51
37,Linn,Florey,lflorey10@nps.gov,Chevrolet,S10,1999,37392.83
38,Nerty,Geyton,ngeyton11@spiegel.de,Mitsubishi,Precis,1994,28258.62
39,Jeniffer,Coxhell,jcoxhell12@addthis.com,Buick,"Park Avenue",2003,62415.49
40,Winthrop,Brewers,wbrewers13@shinystat.com,Chevrolet,HHR,2007,16760.37
41,Janaye,Krale,jkrale14@shinystat.com,Geo,Storm,1992,14281.2
42,Staford,Gaspero,sgaspero15@adobe.com,Pontiac,G5,2008,56348.19
43,Vernen,Westbrook,vwestbrook16@rediff.com,Subaru,Legacy,1999,63075.34
44,Cthrine,Menico,cmenico17@weibo.com,Lincoln,Navigator,2012,18108.28
45,Wallis,Sebert,wsebert18@sohu.com,Toyota,Camry,2009,43964.11
46,Merrill,Bletso,mbletso19@toplist.cz,Ford,Mustang,2009,85704.54
47,Domeniga,Mudle,dmudle1a@prlog.org,Ford,Mustang,2012,55621.65
48,Bowie,Carnaman,bcarnaman1b@va.gov,Toyota,Highlander,2012,25711.77
49,Giraud,Clowney,gclowney1c@fema.gov,Mercury,Tracer,1997,45716.97
50,Bernette,Butting,bbutting1d@dailymail.co.uk,Mazda,B2000,1985,69498.6
51,L;urette,Wellbeloved,lwellbeloved1e@studiopress.com,Dodge,"Ram 3500",2007,59346.35
52,Millisent,Bruhnicke,mbruhnicke1f@domainmarket.com,"Land Rover",Freelander,2005,69201.75
53,Arielle,Sharphurst,asharphurst1g@cdbaby.com,GMC,"Vandura 1500",1992,69369.98
54,Trude,Amoore,tamoore1h@privacy.gov.au,Acura,ZDX,2011,55992.75
55,Brittne,Clawson,bclawson1i@illinois.edu,Mitsubishi,GTO,1998,39466.64
56,Iggy,French,ifrench1j@lycos.com,Mazda,626,1983,91957.35
57,Yurik,Skirving,yskirving1k@sogou.com,Volvo,S80,2003,51296.96
58,Wesley,Cowe,wcowe1l@gizmodo.com,GMC,"Yukon XL 1500",2011,32951.9
59,Stormy,Adamiak,sadamiak1m@technorati.com,Kia,Rio,2013,1403.29
60,Darrin,Togher,dtogher1n@creativecommons.org,Hyundai,Elantra,1997,10429.84
61,Leilah,Pimme,lpimme1o@hugedomains.com,Chevrolet,"Express 3500",1999,10468.94
62,Rafael,Coventon,rcoventon1p@elpais.com,Subaru,Outback,2011,25113.94
63,Danyelle,Defty,ddefty1q@reference.com,Audi,A4,1997,29219.06
64,Otto,Faulkes,ofaulkes1r@bravesites.com,Suzuki,Forenza,2005,62465.53
65,Elsie,MacLachlan,emaclachlan1s@eepurl.com,Pontiac,Firefly,1985,95166.28
66,Tremaine,Voas,tvoas1t@e-recht24.de,"Land Rover","Range Rover",1993,73015.49
67,Ginnie,Janney,gjanney1u@delicious.com,Volkswagen,Jetta,2000,30409.75
68,Thane,Bushe,tbushe1v@baidu.com,GMC,Sonoma,2001,15881.85
69,Selig,McTavish,smctavish1w@japanpost.jp,Chevrolet,Corsica,1995,37247.91
70,Bliss,East,beast1x@live.com,Volkswagen,Golf,1987,10878.54
71,Nathan,Ferie,nferie1y@ifeng.com,Chevrolet,Camaro,2001,43294.21
72,Herrick,Dreus,hdreus1z@nbcnews.com,Mercedes-Benz,S-Class,2001,50506.13
73,Cedric,Pauleau,cpauleau20@topsy.com,Ford,F250,1998,23254.08
74,Danni,Jaukovic,djaukovic21@github.com,Nissan,Maxima,1998,94073.12
76,Grete,Huban,ghuban23@php.net,Nissan,Sentra,2004,3213.18
77,Nina,Kemmish,nkemmish24@ca.gov,Hyundai,Elantra,2011,43850.77
78,Kristien,Jesty,kjesty25@wufoo.com,Mitsubishi,3000GT,1999,39820.96
79,Wynn,Meale,wmeale26@mapy.cz,Chevrolet,HHR,2009,92051.37
80,Kris,Caughtry,kcaughtry27@barnesandnoble.com,Lexus,GS,1994,98973.2
81,Archibold,Wiggington,awiggington28@wikispaces.com,Volkswagen,Golf,1998,65965.29
82,Jeanine,Mitchelson,jmitchelson29@omniture.com,Jeep,Wrangler,2011,18215.03
83,Kevyn,Joerning,kjoerning2a@hibu.com,Maybach,57,2007,17333.58
84,Kissee,Barneveld,kbarneveld2b@admin.ch,Chevrolet,"Suburban 2500",2004,56114.35
86,Stefanie,Eastope,seastope2d@cnn.com,Toyota,Corolla,1994,95634.07
87,Diann,Geldard,dgeldard2e@auda.org.au,GMC,"Suburban 1500",1993,23144.33
88,Xerxes,Grain,xgrain2f@cdbaby.com,Buick,Regal,2002,94497.05
89,Stevena,Dawkes,sdawkes2g@va.gov,Audi,A6,2002,9424.66
90,Kizzie,Scedall,kscedall2h@ihg.com,Lexus,RX,2003,76630.55
91,Maddy,Siggin,msiggin2i@google.de,Toyota,Sequoia,2011,47661.29
92,Wynn,Spritt,wspritt2j@bing.com,Buick,Rendezvous,2003,9009.86
93,Riva,Pedrozzi,rpedrozzi2k@npr.org,Buick,Lucerne,2011,57535.23
94,Carrissa,Sermin,csermin2l@cnn.com,Nissan,Sentra,1996,19755.9
95,Evan,Adshead,eadshead2m@theatlantic.com,Mercury,Cougar,1991,13422.76
96,Lita,Kew,lkew2n@webnode.com,Suzuki,"Grand Vitara",2006,15514.13
97,Web,Trownson,wtrownson2o@360.cn,Mitsubishi,Pajero,1989,56237.31
98,Hall,Doxey,hdoxey2p@theguardian.com,Ford,F-Series,1995,73969.86
99,Marinna,Daynter,mdaynter2q@cnet.com,Porsche,928,1990,63359.45
100,Lynett,Marquess,lmarquess2r@barnesandnoble.com,Pontiac,"Grand Prix",1990,34183.16
101,Athene,Raeburn,araeburn2s@joomla.org,Hyundai,Accent,1997,10712.15
102,Lisa,Desvignes,ldesvignes2t@theguardian.com,Lotus,"Esprit Turbo",1984,57494.14
103,Bayard,Kyneton,bkyneton2u@t-online.de,Chevrolet,Avalanche,2002,69807.96
104,Adan,Aguirrezabal,aaguirrezabal2v@sakura.ne.jp,GMC,Envoy,2002,95436.58
105,Ransell,Savaage,rsavaage2w@nih.gov,Chevrolet,Uplander,2005,5227.49
106,Felecia,Richens,frichens2x@geocities.com,Toyota,RAV4,2005,33705.43
107,Charline,Asson,casson2y@alibaba.com,Ford,"Expedition EL",2012,83029.72
108,Vale,Kindon,vkindon2z@cam.ac.uk,Kia,Sedona,2005,4818.51
109,Waiter,Bootton,wbootton30@hubpages.com,BMW,530,2007,67164.66
110,Nikita,Szymanzyk,nszymanzyk31@sciencedirect.com,Chevrolet,"Express 2500",2009,47041.08
111,Axel,Fawley,afawley32@opera.com,Toyota,Venza,2009,94187.5
112,Jandy,Blampey,jblampey33@state.gov,Honda,Element,2004,44965.78
113,Norma,Ivankin,nivankin34@umn.edu,Mercedes-Benz,S-Class,2007,8710.42
114,Ashby,Hutley,ahutley35@unesco.org,Ford,Taurus,2013,42382.42
115,Jabez,Kollatsch,jkollatsch36@i2i.jp,Mazda,Millenia,1996,87945.03
116,Haley,Este,heste37@smugmug.com,Mazda,626,2001,16142.67
117,Valaria,Enoksson,venoksson38@reference.com,Chevrolet,"Express 3500",2012,71657.05
118,Sharron,Kiddey,skiddey39@sfgate.com,Lincoln,Continental,1994,63732.79
119,Jerrilee,Jaulme,jjaulme3a@sohu.com,BMW,Z8,2002,34917.99
120,Alvira,Coopey,acoopey3b@icio.us,Lotus,Esprit,1986,32770.75
121,Juliet,Warren,jwarren3c@symantec.com,Mercury,Cougar,1993,64917.45
122,Amble,Fielden,afielden3d@businesswire.com,Eagle,Summit,1992,53862
123,Jorey,Tuckley,jtuckley3e@purevolume.com,Porsche,Boxster,2013,75557.88
124,Laetitia,Jarlmann,ljarlmann3f@cbsnews.com,Infiniti,J,1997,97389.44
125,Ashlie,Kensy,akensy3g@pagesperso-orange.fr,GMC,"Savana 3500",1996,47829.92
126,Marie-ann,Humphries,mhumphries3h@webeden.co.uk,Lamborghini,Countach,1985,70595.42
127,Darin,Brotherheed,dbrotherheed3i@photobucket.com,Ford,F250,1994,71780.13
128,Lorin,Woolner,lwoolner3j@mac.com,Mitsubishi,Eclipse,2006,36312.02
129,Ula,Draijer,udraijer3k@netlog.com,BMW,530,2002,78115.35
130,Tabina,Hudspith,thudspith3l@ezinearticles.com,Mercedes-Benz,SL-Class,1988,65452.38
131,Merv,Barensen,mbarensen3m@gravatar.com,Chevrolet,"Suburban 2500",1997,49395.66
132,Gertrud,Ties,gties3n@imageshack.us,Lamborghini,"Murciélago",2007,82724.9
133,Bev,Songhurst,bsonghurst3o@fastcompany.com,Mercury,Sable,1999,68011.46
134,Derek,Fieldgate,dfieldgate3p@chronoengine.com,Subaru,Impreza,2010,76638.44
135,Bryant,Wilshaw,bwilshaw3q@oracle.com,Honda,"Civic GX",2003,81773.01
136,Pierrette,Haibel,phaibel3r@so-net.ne.jp,Chevrolet,"Suburban 2500",2001,27837.89
137,Pris,Kliemchen,pkliemchen3s@51.la,Bentley,"Continental Flying Spur",2012,71730.4
138,Alistair,Gullefant,agullefant3t@theglobeandmail.com,"Citroën",XLR-V,2008,56246.6
139,Leah,Pickton,lpickton3u@prweb.com,Volkswagen,Eos,2011,15068.55
140,Erastus,Rameaux,erameaux3v@census.gov,Acura,TL,2009,9576.41
141,Raphael,Sellick,rsellick3w@behance.net,Mercedes-Benz,C-Class,1999,9122.98
142,Heall,Primett,hprimett3x@forbes.com,Volkswagen,"Type 2",1986,16027.68
143,Goldy,Cluley,gcluley3y@bloglovin.com,GMC,Yukon,1993,40368.51
144,Legra,Carlisle,lcarlisle3z@nhs.uk,Toyota,Camry,1997,23980.76
145,Leroy,Leamon,lleamon40@dyndns.org,"Citroën",Seville,1993,60344.66
146,Bax,Allott,ballott41@webeden.co.uk,"Citroën",Seville,1992,27565.2
147,Erena,Chaperlin,echaperlin42@fda.gov,Buick,Century,1987,82172.74
148,Wells,Kermannes,wkermannes43@globo.com,Chevrolet,"Suburban 2500",2006,24643.79
149,Silvie,Leroy,sleroy44@wiley.com,Mercedes-Benz,G-Class,2012,53058.3
150,Lorinda,Colam,lcolam45@homestead.com,Isuzu,Rodeo,2003,52455
151,Isahella,Lebond,ilebond46@cpanel.net,Volkswagen,GTI,1985,50672.76
152,Linette,Combes,lcombes47@sohu.com,Saturn,Outlook,2008,60978.42
153,Kathleen,Newe,knewe48@omniture.com,"Citroën",Escalade,2008,95763.98
154,Devlen,Broek,dbroek49@shop-pro.jp,Oldsmobile,Bravada,1997,48102.85
155,Hedvig,Treadwell,htreadwell4a@ed.gov,Hyundai,Tiburon,1999,59303.29
156,Jacintha,MacCartan,jmaccartan4b@delicious.com,Mitsubishi,3000GT,1997,16789.11
157,Kelcie,Newrick,knewrick4c@desdev.cn,Ford,Festiva,1988,5333.19
158,Barbie,Mowsdell,bmowsdell4d@wikia.com,Ford,Probe,1991,67434.9
159,Karisa,Pennrington,kpennrington4e@godaddy.com,Mercedes-Benz,E-Class,2012,37281.21
160,Fairleigh,Letherbury,fletherbury4f@cmu.edu,Lexus,GS,2001,10185.21
161,Hedwig,McNeachtain,hmcneachtain4g@smugmug.com,GMC,Sonoma,1996,28202.79
162,Raynor,Lamba,rlamba4h@phpbb.com,Pontiac,6000,1991,92325.38
163,Baryram,Hartgill,bhartgill4i@geocities.jp,Dodge,"Ram 3500",2005,86010.67
164,Janette,Kamien,jkamien4j@pen.io,Mitsubishi,Expo,1993,41144.52
165,Chen,Fumagall,cfumagall4k@ca.gov,Maserati,Spyder,2005,1986.71
166,Judy,Cunliffe,jcunliffe4l@canalblog.com,Toyota,T100,1993,30593.2
167,Miner,Carvill,mcarvill4m@biglobe.ne.jp,Porsche,911,2000,12810.97
168,Aube,Pyle,apyle4n@whitehouse.gov,Suzuki,Equator,2011,78081.95
169,Ripley,Risely,rrisely4o@jugem.jp,Ford,Mustang,1985,4623.53
170,Frederica,Sultan,fsultan4p@1und1.de,Pontiac,Sunbird,1990,84502.02
171,Vernen,Ivankin,vivankin4q@marriott.com,Suzuki,"Grand Vitara",2009,72566.98
172,Blakelee,Beckers,bbeckers4r@wikia.com,Nissan,Sentra,2000,74106.34
173,Consolata,Arrington,carrington4s@businessweek.com,GMC,"2500 Club Coupe",1998,88033.96
174,Phillip,Losano,plosano4t@hexun.com,Ferrari,F430,2007,75461.56
175,Ole,Romans,oromans4u@slashdot.org,Buick,Riviera,1996,11647.73
176,Forester,Rabier,frabier4v@taobao.com,Mercury,Cougar,1970,46451.72
177,Waylon,Iacomini,wiacomini4w@vk.com,Audi,S8,2001,73426.29
178,King,Clapham,kclapham4x@imdb.com,Audi,A6,2012,26397.97
179,Annabelle,Pinare,apinare4y@timesonline.co.uk,Toyota,Celica,1997,15868.41
180,Valery,Hebbron,vhebbron4z@japanpost.jp,Chevrolet,Astro,1995,77272.53
181,Alameda,Merriton,amerriton50@yale.edu,Pontiac,"Grand Prix",1968,95256.64
182,Winonah,Stearn,wstearn51@marriott.com,Saab,9-3,2003,73327.87
183,Lorianna,Manoch,lmanoch52@mozilla.com,Saab,9-3,2004,62004.84
184,Garrott,Foxon,gfoxon53@amazon.com,McLaren,MP4-12C,2012,76844.44
185,Chantal,Quibell,cquibell54@topsy.com,Mazda,"Miata MX-5",2009,85694.97
186,Nanine,Chedgey,nchedgey55@odnoklassniki.ru,Infiniti,I,2004,83008.21
187,Michaelina,Wherry,mwherry56@twitpic.com,Ram,1500,2012,94563.05
188,Imelda,Skynner,iskynner57@marketwatch.com,Ferrari,"612 Scaglietti",2007,68082.02
189,Jessica,Currom,jcurrom58@rakuten.co.jp,Audi,S6,2007,87353.9
190,Blair,Arzu,barzu59@indiatimes.com,Nissan,Sentra,2002,46582
191,Quill,Thebeau,qthebeau5a@home.pl,Mercury,Tracer,1998,2136.15
192,Rica,Crigin,rcrigin5b@naver.com,Toyota,RAV4,2008,12852.43
193,Base,Marran,bmarran5c@hao123.com,MINI,Cooper,2006,68918.83
194,Orv,Palleske,opalleske5d@who.int,Ford,"Crown Victoria",2010,11917.81
195,Jervis,Daye,jdaye5e@weebly.com,Infiniti,J,1997,19639.44
196,Reynard,Gresswell,rgresswell5f@google.de,"Citroën",DeVille,2005,50629.68
197,Hilary,Ahmad,hahmad5g@moonfruit.com,Mazda,CX-9,2010,91008.39
198,Rosette,"O'Feeny",rofeeny5h@ebay.com,Mitsubishi,Truck,1987,6850.16
199,Nicoline,Dudin,ndudin5i@facebook.com,Buick,Century,1993,71534.42
200,Kacey,Daborn,kdaborn5j@disqus.com,Buick,Reatta,1990,69216.12
201,Meagan,Bamblett,mbamblett5k@businesswire.com,Volvo,C30,2010,24880.59
202,Munroe,Mandeville,mmandeville5l@cpanel.net,Jaguar,"XJ Series",2002,20341.16
203,Kay,Bristo,kbristo5m@delicious.com,Chevrolet,Tracker,2002,5863.07
204,Sophey,Huscroft,shuscroft5n@amazonaws.com,Pontiac,"Grand Am",1985,29203.64
205,Christi,Bowhay,cbowhay5o@ning.com,Suzuki,Esteem,1999,40938.28
206,Kory,Egre,kegre5p@hexun.com,Scion,xB,2009,10825.21
207,Aurthur,Bortoletti,abortoletti5q@lycos.com,GMC,"Sierra 1500",2013,83342.69
208,Martynne,Eager,meager5r@thetimes.co.uk,Nissan,350Z,2009,96740.28
209,Dulcinea,Burnes,dburnes5s@nih.gov,Oldsmobile,Silhouette,1992,79493.9
210,Ilyssa,Willmott,iwillmott5t@archive.org,Kia,Sedona,2006,35002.21
211,Yvor,Vatcher,yvatcher5u@vimeo.com,Suzuki,Sidekick,1992,51402.94
212,Bendicty,Malcher,bmalcher5v@sogou.com,Toyota,Celica,1976,72626.41
213,Xena,Sabates,xsabates5w@php.net,Saab,9-5,2002,81887.45
214,Marlane,Iddison,middison5x@barnesandnoble.com,Lincoln,"Mark VII",1984,53906.62
215,Lucian,McDougal,lmcdougal5y@jugem.jp,Jeep,Cherokee,1993,64162.22
216,Ericha,"Nunes Nabarro",enunesnabarro5z@jiathis.com,"Land Rover","Range Rover",2001,8855.74
217,Ashli,Whitbread,awhitbread60@istockphoto.com,Ford,Thunderbird,1980,66065.27
218,Gerhardt,Weal,gweal61@ycombinator.com,Mercedes-Benz,CLS-Class,2012,44274.81
219,Theodosia,Proger,tproger62@cbc.ca,Hyundai,"Santa Fe",2010,85659.62
220,Wittie,Lumby,wlumby63@omniture.com,Mitsubishi,Chariot,1987,81794.32
221,Constantia,Mariet,cmariet64@live.com,Chevrolet,Silverado,2010,25166.76
222,Rodi,Keppin,rkeppin65@ebay.com,"Land Rover",Discovery,2006,25021.14
223,Juli,Soigoux,jsoigoux66@nifty.com,Acura,RDX,2010,75930.92
224,Rosita,Volage,rvolage67@bbc.co.uk,Hummer,H1,2003,38695.64
225,Abagail,Whittuck,awhittuck68@dagondesign.com,Chevrolet,"Silverado 3500",2004,24253.36
226,Clemmie,Carslake,ccarslake69@theatlantic.com,Kia,Sorento,2007,86513.82
227,Trey,Mewe,tmewe6a@tmall.com,Jaguar,"XJ Series",2000,58322.82
228,Starr,Catonnet,scatonnet6b@umich.edu,Audi,90,1988,74408.34
229,Irwin,Jarlmann,ijarlmann6c@ihg.com,Hyundai,Tucson,2009,15615.03
230,Luelle,Eingerfield,leingerfield6d@oaic.gov.au,Chrysler,"Town & Country",1998,77934.45
231,Sena,Eccersley,seccersley6e@nyu.edu,Nissan,Sentra,2008,3816.21
232,Gage,Pietrusiak,gpietrusiak6f@desdev.cn,Infiniti,G,2011,45877
233,Eolande,Marritt,emarritt6g@i2i.jp,Porsche,911,2008,11918.51
234,Aaron,Heaker,aheaker6h@pen.io,Suzuki,XL-7,2002,74375.4
235,Kristyn,Satteford,ksatteford6i@prlog.org,Pontiac,"Grand Am",1998,44356.97
236,Shaun,Pyzer,spyzer6j@dion.ne.jp,Lexus,RX,2000,82083.52
237,Dag,Careswell,dcareswell6k@japanpost.jp,"Aston Martin",DB9,2010,73663.11
238,Isak,Minihan,iminihan6l@usnews.com,Ford,Windstar,2002,67244.73
239,Aguste,Brammar,abrammar6m@tinypic.com,Daewoo,Nubira,1999,76003.54
240,Tristan,Wellen,twellen6n@dion.ne.jp,Lexus,SC,2000,36450.19
241,Daven,Skingley,dskingley6o@thetimes.co.uk,Honda,Element,2010,21418.74
242,Rayshell,Gudger,rgudger6p@meetup.com,Honda,Accord,2006,52063.26
243,Vicki,Stenyng,vstenyng6q@cisco.com,Hyundai,Veracruz,2009,36479.69
244,Fancy,Irce,firce6r@amazon.com,Mitsubishi,"Mighty Max",1986,6377
245,Hillery,Drowsfield,hdrowsfield6s@nasa.gov,Nissan,Altima,2013,38264.2
246,Gina,Lawden,glawden6t@exblog.jp,Volvo,XC90,2006,12293.89
247,Adler,Summerskill,asummerskill6u@com.com,Pontiac,GTO,1964,20316.85
248,Josefa,Starsmeare,jstarsmeare6v@friendfeed.com,Dodge,"Grand Caravan",2005,31756.55
249,David,Garms,dgarms6w@wikimedia.org,Mercedes-Benz,SLK-Class,2004,20442.33
250,Doyle,Geffinger,dgeffinger6x@bravesites.com,Buick,Century,1988,78162.81
251,Winslow,Symons,wsymons6y@sfgate.com,Lincoln,"Town Car",1997,92341.28
252,Hamnet,Wash,hwash6z@bravesites.com,Dodge,"D250 Club",1993,21404.19
253,Gunar,Urridge,gurridge70@yolasite.com,Pontiac,Torrent,2006,6490.13
254,Tessie,Normabell,tnormabell71@nbcnews.com,Subaru,"Alcyone SVX",1996,7985.79
255,Bambi,Doreward,bdoreward72@nasa.gov,Scion,iQ,2012,74291.61
256,Emanuele,Brockbank,ebrockbank73@weather.com,Chrysler,"Town & Country",1995,77821.07
257,Sylvia,Hearle,shearle74@comsenz.com,Chevrolet,Corvette,1970,70575.88
258,Knox,"O'Shea",koshea75@yahoo.co.jp,Bentley,"Continental GT",2009,40059.57
259,Jennilee,Wathell,jwathell76@ucla.edu,Volkswagen,Jetta,1985,26898.01
260,Milli,Gowdridge,mgowdridge77@npr.org,BMW,"8 Series",1994,73082.22
261,Gawain,Croneen,gcroneen78@storify.com,Ford,Tempo,1986,24486.97
262,Rolph,Wadham,rwadham79@vinaora.com,Volkswagen,Phaeton,2006,10460.88
263,Lesli,Tuppeny,ltuppeny7a@networksolutions.com,Ford,F250,2005,78840.69
264,Lane,Peck,lpeck7b@wp.com,Lexus,GS,1999,39638.88
265,Beverly,Jest,bjest7c@domainmarket.com,Isuzu,Rodeo,2002,72560.95
266,Nobe,Rodge,nrodge7d@amazonaws.com,Nissan,Quest,2008,18207.12
267,Bing,Skrine,bskrine7e@engadget.com,Buick,Riviera,1988,43009.72
268,Kahlil,Tregenza,ktregenza7f@tumblr.com,Eagle,Summit,1994,65014.62
269,Gaspard,McManamon,gmcmanamon7g@arizona.edu,Mercury,Milan,2006,32567.08
270,Roshelle,Piscopiello,rpiscopiello7h@usa.gov,Mercedes-Benz,"SLR McLaren",2009,44138.56
271,Lexis,Vertey,lvertey7i@fc2.com,Audi,A4,2007,60263.52
272,Rolland,Newcombe,rnewcombe7j@sphinn.com,GMC,Yukon,2001,18917.21
273,Mayne,Tailby,mtailby7k@unesco.org,Plymouth,"Grand Voyager",1997,94179.42
274,Melinda,MacComiskey,mmaccomiskey7l@reddit.com,Volkswagen,Phaeton,2004,64880.38
275,Sandro,Seager,sseager7m@wiley.com,Subaru,"B9 Tribeca",2007,19153
276,Freemon,Rubinsohn,frubinsohn7n@google.com,"Aston Martin","Vanquish S",2005,63009.67
277,Jo-ann,Edridge,jedridge7o@biblegateway.com,Nissan,Versa,2009,65853.19
278,Patrizius,Albisser,palbisser7p@japanpost.jp,Mitsubishi,3000GT,1993,94375.5
279,Caralie,Harbord,charbord7q@ucoz.com,Ford,Aerostar,1987,78554.03
280,Simone,Arrighini,sarrighini7r@hubpages.com,Mercedes-Benz,"SLR McLaren",2007,84325.28
281,Celene,Saban,csaban7s@jalbum.net,GMC,"Rally Wagon G3500",1995,20163.06
282,Guglielma,Kneeland,gkneeland7t@sitemeter.com,Mazda,626,2002,84598.57
283,Jobi,Stollenhof,jstollenhof7u@imdb.com,Tesla,Roadster,2012,94259.1
284,Basia,Angeli,bangeli7v@ft.com,Toyota,4Runner,1996,64955.46
285,Misha,Pessold,mpessold7w@exblog.jp,Nissan,240SX,1994,75484.53
286,Deb,Stickells,dstickells7x@edublogs.org,Lexus,RX,2013,76191.28
287,Vergil,Kytley,vkytley7y@ucsd.edu,Buick,Estate,1990,29502.36
288,Edy,Braizier,ebraizier7z@dedecms.com,Toyota,Avalon,2003,62076.62
289,Cedric,Menendes,cmenendes80@themeforest.net,Hummer,"H2 SUV",2006,18600.92
290,Ansley,Davidovitch,adavidovitch81@phoca.cz,Mercury,Cougar,2000,53882.22
291,Stevy,Curmi,scurmi82@hao123.com,Mazda,Protege,2000,80005.25
292,Sibel,Pedron,spedron83@hugedomains.com,Nissan,Maxima,2010,58582.69
293,Zita,Blakey,zblakey84@unc.edu,Lotus,Elan,1991,90086.36
294,Sheryl,Moscon,smoscon85@patch.com,Volkswagen,Rabbit,2010,29884.3
295,Loren,Rassell,lrassell86@wiley.com,Mercedes-Benz,M-Class,2007,38698.3
296,Hermie,Saull,hsaull87@shareasale.com,Mitsubishi,Starion,1986,37615.87
297,Florentia,Cowsby,fcowsby88@google.com.au,Mitsubishi,Chariot,1988,74805.4
298,Ki,Tomaszek,ktomaszek89@jimdo.com,Mazda,RX-7,1990,39564.09
299,Bobby,"Di Ruggero",bdiruggero8a@ask.com,Maserati,Spyder,2005,37802.1
300,Erica,Glyssanne,eglyssanne8b@wikia.com,GMC,"2500 Club Coupe",1998,19811.29
301,Gerri,Wormald,gwormald8c@fastcompany.com,Pontiac,GTO,1965,46274.17
302,Netta,Stickley,nstickley8d@xrea.com,Saab,9-3,2007,78084.13
303,Christophorus,Antoons,cantoons8e@goo.ne.jp,Ford,Escape,2000,90415.46
304,Rasia,Klaas,rklaas8f@163.com,Chrysler,Crossfire,2008,11118.16
305,Shaina,Trewman,strewman8g@marketwatch.com,Audi,Quattro,1993,93667.17
306,Archaimbaud,Hawtin,ahawtin8h@eepurl.com,Lotus,Exige,2012,66250.36
307,Cristy,McWhin,cmcwhin8i@reuters.com,Honda,Civic,2006,20029.73
308,Prudi,Brabender,pbrabender8j@google.com.br,BMW,"7 Series",2009,12102.25
309,Colette,Burston,cburston8k@pen.io,Mercedes-Benz,CLK-Class,2002,85593.76
310,Krysta,"De Mattia",kdemattia8l@prlog.org,Porsche,Cayman,2012,76682.38
311,Sherman,"Van Der Weedenburg",svanderweedenburg8m@joomla.org,Dodge,"Ram Wagon B250",1992,2930
312,Nickey,Oxbe,noxbe8n@deliciousdays.com,Volkswagen,rio,1999,78296.77
313,Neala,Rendall,nrendall8o@lycos.com,Oldsmobile,Bravada,1993,47741.62
314,Herold,Kiljan,hkiljan8p@china.com.cn,Porsche,944,1989,42089.79
315,Benedetta,Inskipp,binskipp8q@quantcast.com,Mercedes-Benz,C-Class,1998,27741.22
316,Nolly,Harg,nharg8r@xinhuanet.com,Mitsubishi,Endeavor,2007,23077.15
317,Melany,"D'Alessio",mdalessio8s@wordpress.org,Dodge,Stealth,1992,29007.88
318,Colman,Showering,cshowering8t@stanford.edu,Chevrolet,Corvette,1973,28052.01
319,Celene,Izkovici,cizkovici8u@blog.com,Lincoln,MKX,2011,45360.41
320,Gran,Nockolds,gnockolds8v@fema.gov,Hyundai,Accent,2011,72857.92
321,Boniface,Pyke,bpyke8w@jalbum.net,Ford,Explorer,2010,49759.65
322,Evangeline,Blakeley,eblakeley8x@sogou.com,GMC,"Suburban 2500",1997,72408.58
323,Chelsie,Kerner,ckerner8y@squidoo.com,Pontiac,"Daewoo Kalos",2005,9476.55
324,Freddi,Franks,ffranks8z@last.fm,Ram,3500,2012,46042.99
325,Ruthann,Heinschke,rheinschke90@example.com,Toyota,Previa,1997,5675.35
326,Estell,Nisuis,enisuis91@prweb.com,GMC,Canyon,2004,69658.57
327,Tiler,Pawlik,tpawlik92@nasa.gov,Nissan,GT-R,2009,36785.17
328,Silvanus,Arstall,sarstall93@yahoo.com,Chrysler,Aspen,2008,72990.59
329,Benyamin,McAsgill,bmcasgill94@yellowpages.com,Ford,Freestar,2005,55630.39
330,Gracie,Gaw,ggaw95@bbb.org,Toyota,Matrix,2003,20360.74
331,Sigismund,Knappen,sknappen96@unesco.org,Ford,E350,2009,40217.09
332,Germana,Wrey,gwrey97@google.nl,Chevrolet,Venture,2002,93714.29
333,Gustie,Klampk,gklampk98@dell.com,GMC,"2500 Club Coupe",1993,82593.86
334,Demetris,Munsey,dmunsey99@de.vu,Lamborghini,Aventador,2012,3613.44
335,Rafi,Dinsey,rdinsey9a@yandex.ru,Mazda,RX-7,1994,70495.8
336,Merv,Shearman,mshearman9b@rambler.ru,Lexus,"LS Hybrid",2010,55786.01
337,Chilton,Evill,cevill9c@ca.gov,Saab,9000,1989,4966.34
338,Rianon,Essame,ressame9d@hexun.com,Mercedes-Benz,E-Class,2009,42039.25
339,Padraic,Chinnick,pchinnick9e@a8.net,Ford,F-Series,2009,77301.91
340,Woodman,Kilbourn,wkilbourn9f@icq.com,Chrysler,Concorde,2002,11214.28
341,Angel,Halls,ahalls9g@parallels.com,Mercedes-Benz,S-Class,1994,13724.51
342,Sharity,Buddles,sbuddles9h@baidu.com,Dodge,Dakota,2007,8592.13
343,Cinnamon,Springell,cspringell9i@elegantthemes.com,Audi,Q7,2009,92234.56
344,Magdaia,Coils,mcoils9j@columbia.edu,BMW,X5,2013,48954.08
345,Anna-maria,Harkin,aharkin9k@cdbaby.com,Chevrolet,"Express 2500",1996,48123.81
346,Katina,Waye,kwaye9l@cbslocal.com,Oldsmobile,Achieva,1995,41560.35
347,Towney,Trundler,ttrundler9m@springer.com,Toyota,MR2,1993,11643.43
348,Poul,Credland,pcredland9n@census.gov,Aptera,Typ-1,2009,92444.3
349,Gabbie,Lisle,glisle9o@yellowbook.com,Audi,S4,2002,34820.41
350,Kata,Thorrold,kthorrold9p@nba.com,Pontiac,6000,1983,48881.07
351,Cherish,Lovelace,clovelace9q@usatoday.com,Mazda,Protege,1995,30523.07
352,Berton,Gurney,bgurney9r@last.fm,Mazda,B2500,2001,48698.36
353,Jayme,Murby,jmurby9s@twitpic.com,Chevrolet,"Express 2500",1999,3057.55
354,Thibaud,Farenden,tfarenden9t@taobao.com,Porsche,968,1994,90791.47
355,Angel,Lissandre,alissandre9u@acquirethisname.com,Dodge,"Ram 3500",2010,63703.63
356,Damita,Hars,dhars9v@twitpic.com,Ford,Ranger,2002,50437.64
357,Valentia,Robison,vrobison9w@mozilla.org,Ford,F-Series,2008,76063.51
358,Anni,Guillart,aguillart9x@ucsd.edu,Chevrolet,Corvette,1992,15213.77
359,Elane,Grouer,egrouer9y@goo.gl,Toyota,4Runner,1993,88691.71
360,Sauncho,Kienlein,skienlein9z@goo.gl,Dodge,"D350 Club",1993,90105.48
361,Gearard,Malley,gmalleya0@nsw.gov.au,Volkswagen,rio,1996,91748.67
362,Bret,Grcic,bgrcica1@domainmarket.com,Toyota,Celica,2002,9601.72
363,Nonnah,Frammingham,nframminghama2@yale.edu,Mercedes-Benz,"SLR McLaren",2007,45798.6
364,Jeralee,Meininger,jmeiningera3@com.com,Infiniti,Q,2000,48128.66
365,Chickie,Dow,cdowa4@typepad.com,"Citroën",CTS,2005,71050.06
366,Marmaduke,Jovovic,mjovovica5@storify.com,Ford,Fiesta,2013,52676.06
367,Kerby,Beininck,kbeinincka6@nifty.com,Chevrolet,"Express 1500",2012,25917.1
368,Boony,Gurnee,bgurneea7@sun.com,Oldsmobile,LSS,1999,4673.41
369,Marlin,Hebborn,mhebborna8@apple.com,GMC,"1500 Club Coupe",1999,38891.58
370,Hobie,Soda,hsodaa9@fema.gov,BMW,"7 Series",1997,11934.49
371,Dorolisa,Maxted,dmaxtedaa@craigslist.org,Ford,Expedition,2009,2231
372,Judd,Edinborough,jedinboroughab@gizmodo.com,Mercedes-Benz,M-Class,2003,4361.66
373,Cherin,Beck,cbeckac@patch.com,Buick,Skyhawk,1987,5379.43
374,Binni,Spawton,bspawtonad@last.fm,Ford,Mustang,2009,20423.23
375,Jone,Tafani,jtafaniae@fastcompany.com,Ford,F-Series,1993,77615.38
376,Sid,Riccioppo,sriccioppoaf@xing.com,Audi,80,1992,71312.74
377,Tabitha,Hampe,thampeag@google.co.uk,Honda,Odyssey,2012,39213.8
378,Thedric,Aspell,taspellah@cnn.com,"Citroën",Seville,1992,59407.73
379,Evita,Bentsen,ebentsenai@webs.com,Infiniti,G35,2007,52231.44
380,Barnie,Romke,bromkeaj@deviantart.com,Jaguar,"XJ Series",1996,74209.52
381,Kean,Mehew,kmehewak@google.es,Chevrolet,Corvette,1992,42700.87
382,Sanson,Burkitt,sburkittal@indiegogo.com,Lexus,IS-F,2012,16795.7
383,Eldon,Winstanley,ewinstanleyam@naver.com,BMW,"3 Series",2010,30926.61
384,Maynard,Risbrough,mrisbroughan@twitpic.com,Kia,Rondo,2009,49687.21
385,Stuart,Curado,scuradoao@dropbox.com,Pontiac,"Grand Prix",2000,27220.01
386,Loralie,Beauchamp,lbeauchampap@google.es,Dodge,Viper,2010,93640.4
387,Charisse,Eyer,ceyeraq@uol.com.br,Volvo,V70,2002,9925.28
388,Urson,Filipson,ufilipsonar@virginia.edu,Ford,Focus,2000,68120.84
389,Ogdan,Noot,onootas@toplist.cz,Lamborghini,Diablo,1994,92590.69
390,Adrienne,Jeannequin,ajeannequinat@oracle.com,Volkswagen,Corrado,1991,71983.01
391,Bradley,Bolwell,bbolwellau@dedecms.com,GMC,"Vandura G2500",1995,35778.06
392,Burtie,Mantram,bmantramav@cpanel.net,Saturn,VUE,2010,94317.11
393,Faustina,Wildin,fwildinaw@tmall.com,Suzuki,"Grand Vitara",2005,52769.48
394,Modesta,Lytlle,mlytlleax@psu.edu,Ford,Bronco,1988,55458.77
395,Hana,Brimham,hbrimhamay@google.co.jp,Audi,A6,2012,37470.27
396,Stafani,Sommerfeld,ssommerfeldaz@addtoany.com,Isuzu,Trooper,1992,67545.85
397,Roseann,Marjoram,rmarjoramb0@wisc.edu,Ferrari,"612 Scaglietti",2008,90298.02
398,Dixie,Elderbrant,delderbrantb1@123-reg.co.uk,Ford,F150,2002,99798.89
399,Renata,Ivanchikov,rivanchikovb2@live.com,GMC,"Yukon XL",2006,94238.17
400,Alvera,Kenwin,akenwinb3@xinhuanet.com,Lincoln,MKS,2012,69692.31
401,Miriam,Yarrington,myarringtonb4@arstechnica.com,Pontiac,Montana,2004,40169.05
402,Hussein,Lincke,hlinckeb5@instagram.com,Mazda,Mazda3,2006,60814.19
403,Moises,Menault,mmenaultb6@merriam-webster.com,Ford,Mustang,1988,53416.73
404,Yvonne,Rosenblath,yrosenblathb7@mlb.com,Chevrolet,"Silverado 1500",2011,95820.73
405,Rodger,Holwell,rholwellb8@msu.edu,Chevrolet,Impala,2005,55616.75
406,Felipa,Gilli,fgillib9@rediff.com,Mazda,929,1993,55842.02
407,Haskell,Kittow,hkittowba@cdbaby.com,Chevrolet,Camaro,1994,65385.72
408,Ruthi,Gillaspy,rgillaspybb@de.vu,Ford,Aerostar,1991,60708.62
409,Rossy,Beevis,rbeevisbc@livejournal.com,Lexus,ES,2010,13395.22
410,Allis,Hort,ahortbd@miibeian.gov.cn,Suzuki,"Grand Vitara",2002,10398.6
411,Parke,Leyninye,pleyninyebe@fc2.com,Lexus,SC,1993,68024.6
412,Annabelle,Richfield,arichfieldbf@washington.edu,"Citroën",DeVille,1995,71861.54
413,Stella,Chelam,schelambg@unicef.org,Oldsmobile,Achieva,1997,63646.26
414,Dietrich,Bruster,dbrusterbh@hp.com,Chevrolet,Tahoe,1999,34682.58
415,Paloma,Brandassi,pbrandassibi@nps.gov,"Land Rover",Discovery,2003,54474.03
416,Brandice,Patesel,bpateselbj@imgur.com,Chrysler,Sebring,1995,6780.87
417,Sherrie,Beams,sbeamsbk@admin.ch,"Citroën",STS,2009,35030.81
418,Gregoire,Hedworth,ghedworthbl@reference.com,Buick,Roadmaster,1991,6060.77
419,Keriann,Oloshkin,koloshkinbm@gizmodo.com,Maybach,Landaulet,2009,14255.9
420,Lewie,Scully,lscullybn@columbia.edu,Nissan,Maxima,1994,76817.39
421,Basile,Frostdick,bfrostdickbo@barnesandnoble.com,Bentley,"Continental Flying Spur",2008,36576.49
422,Rebekkah,Pund,rpundbp@businesswire.com,Dodge,Caliber,2010,41395.41
423,Zorina,Thexton,zthextonbq@telegraph.co.uk,Buick,Century,1993,61533.16
424,Kim,Marzella,kmarzellabr@ucoz.ru,BMW,"7 Series",2002,97796.98
425,Dewain,Bradtke,dbradtkebs@toplist.cz,Infiniti,QX,1999,7290.74
426,Rem,Kampshell,rkampshellbt@kickstarter.com,Infiniti,QX,1998,50880.55
427,Mychal,Apthorpe,mapthorpebu@hud.gov,BMW,X3,2004,21930.91
428,Sophi,Pennini,spenninibv@lulu.com,Dodge,Avenger,1999,81429.39
429,Andrej,Noads,anoadsbw@typepad.com,Ford,F350,2010,20833.89
430,Olivier,"O'Neary",oonearybx@yale.edu,Suzuki,SX4,2007,49922.25
431,Rodolph,Grimsditch,rgrimsditchby@nifty.com,Lexus,LS,2008,94170.71
432,Tad,Scambler,tscamblerbz@github.com,MINI,Countryman,2012,38254.41
433,Leoline,Marchi,lmarchic0@sina.com.cn,Toyota,"Land Cruiser",2008,43685.49
434,Rosamond,Poor,rpoorc1@engadget.com,Lotus,Elise,2006,10418.42
435,Layton,Bater,lbaterc2@adobe.com,Oldsmobile,Alero,2003,72014.57
436,Rena,Wissbey,rwissbeyc3@phoca.cz,Mitsubishi,Challenger,1998,17526.33
437,Meredith,ducarme,mducarmec4@bloomberg.com,Chevrolet,"Express 2500",2006,2638.57
438,Hester,Barrick,hbarrickc5@newyorker.com,Pontiac,"Grand Prix",1982,31912.98
439,Masha,Andrews,mandrewsc6@rambler.ru,Toyota,Yaris,2006,81391.9
440,Dulsea,Beaufoy,dbeaufoyc7@so-net.ne.jp,Toyota,Highlander,2004,95872.08
441,Nickolas,Caulcutt,ncaulcuttc8@shinystat.com,Dodge,"D250 Club",1992,25833.29
442,Pavel,Laxe,plaxec9@jimdo.com,Ford,E250,1984,16023.5
443,Mendel,Groocock,mgroocockca@etsy.com,Oldsmobile,Achieva,1996,85431.05
444,Dasie,Coldicott,dcoldicottcb@theglobeandmail.com,BMW,X5,2007,78065.62
445,Joceline,Jupp,jjuppcc@netscape.com,Mercedes-Benz,E-Class,1985,90703.77
446,Bard,Lammenga,blammengacd@so-net.ne.jp,Ford,Festiva,1991,21147.51
447,Shanna,Skirvane,sskirvanece@forbes.com,Chrysler,Concorde,1996,70918.44
448,Karol,Moorey,kmooreycf@bbb.org,Toyota,"Camry Hybrid",2009,89402.19
449,Derby,Mordie,dmordiecg@wordpress.com,Mitsubishi,Precis,1986,61106.6
450,Nikki,Klees,nkleesch@ucoz.com,GMC,2500,1996,40474.87
451,Simone,Stonary,sstonaryci@purevolume.com,Mercedes-Benz,C-Class,2007,38155.74
452,Hollis,Rambadt,hrambadtcj@amazon.com,Lotus,Elan,1994,19309.86
453,Friedrich,Nestoruk,fnestorukck@is.gd,BMW,M3,1999,65123.73
454,Giacopo,Parker,gparkercl@qq.com,Nissan,Pathfinder,2001,77306.7
455,Albertine,Grieveson,agrievesoncm@yahoo.com,Ford,"Econoline E150",1992,3783.89
456,Alethea,Sweeney,asweeneycn@jigsy.com,Panoz,Esperante,2008,35021.71
457,Caleb,Kamall,ckamallco@spotify.com,Chevrolet,Cobalt,2008,48031.18
458,Pooh,Renehan,prenehancp@biglobe.ne.jp,Nissan,200SX,1995,48514.89
459,Lucilia,Larimer,llarimercq@360.cn,Mazda,Protege,2002,8921.21
460,Daphene,Jurkiewicz,djurkiewiczcr@geocities.jp,Plymouth,Laser,1992,40734.94
461,Manfred,Mewburn,mmewburncs@odnoklassniki.ru,Volvo,XC90,2011,69494.43
462,Carrie,Mouncher,cmouncherct@intel.com,Nissan,Maxima,2009,69653.24
463,Melodee,Hullett,mhullettcu@so-net.ne.jp,Mercury,"Grand Marquis",1984,45362.11
464,Aurore,Gozard,agozardcv@wufoo.com,Mercedes-Benz,C-Class,2002,34732.42
465,Kliment,Cerith,kcerithcw@booking.com,Mercedes-Benz,S-Class,2009,95955.19
466,Edyth,Okill,eokillcx@unc.edu,Honda,Insight,2002,42637.91
467,Halette,Ogg,hoggcy@nifty.com,Dodge,Shadow,1994,69690.63
468,Zulema,Spittall,zspittallcz@squarespace.com,Scion,xB,2008,28959.75
469,Galvan,Whitmore,gwhitmored0@dailymotion.com,"Citroën",DTS,2006,11046.46
470,Calhoun,Mowne,cmowned1@sohu.com,Acura,RSX,2003,52433.8
471,Rolfe,Collyear,rcollyeard2@dot.gov,Mitsubishi,GTO,1990,8323.53
472,Micky,Arguile,marguiled3@jigsy.com,Ford,Expedition,2002,86047.25
473,Aldus,Pestor,apestord4@desdev.cn,Acura,TSX,2010,47189.07
474,Clywd,Moreno,cmorenod5@cpanel.net,Porsche,928,1995,39835.29
475,Jessey,Kinset,jkinsetd6@1und1.de,Bentley,"Continental GT",2009,28017.52
476,Guillema,Holdin,gholdind7@forbes.com,Nissan,Pathfinder,2012,18098.22
477,Ruby,Farre,rfarred8@dion.ne.jp,Audi,S4,2006,8166.86
478,Allard,Maple,amapled9@amazon.co.jp,Chevrolet,"Express 1500",2009,80828.27
479,Gilbertina,Janny,gjannyda@ameblo.jp,Kia,Sportage,1995,53226.61
480,Haydon,Rosnau,hrosnaudb@wikispaces.com,Porsche,Boxster,2010,85381.14
481,Derry,"de Broke",ddebrokedc@blog.com,Mitsubishi,Eclipse,1998,38354.92
482,Sergei,Carrodus,scarrodusdd@usnews.com,Acura,TSX,2009,86310.03
483,Elli,Wolpert,ewolpertde@google.com.hk,Lincoln,"Mark VIII",1998,33755.32
484,Onfre,Lamberton,olambertondf@patch.com,Suzuki,Sidekick,1996,15309.27
485,Shawna,Gooday,sgoodaydg@themeforest.net,Mazda,Familia,1989,62168.95
486,Josi,Mulkerrins,jmulkerrinsdh@dion.ne.jp,Subaru,Forester,2003,3739.43
487,Tedda,Hiscoke,thiscokedi@wordpress.org,Hyundai,Elantra,2008,92024.23
488,Joella,Gwyllt,jgwylltdj@diigo.com,Jeep,Commander,2010,83810.76
489,Cristal,Frail,cfraildk@nbcnews.com,Chevrolet,"Express 2500",2004,18362.12
490,Bondie,Wheble,bwhebledl@printfriendly.com,Toyota,Paseo,1995,71312.87
491,Bobby,Kendall,bkendalldm@infoseek.co.jp,Toyota,Camry,1994,74973.78
492,Cordie,Exton,cextondn@360.cn,GMC,"3500 Club Coupe",1992,93631.98
493,Griffie,Arblaster,garblasterdo@yale.edu,Ford,F-Series,2011,58842.2
494,Jose,Illesley,jillesleydp@paginegialle.it,"Citroën",Escalade,2008,20653.57
495,Libby,Dobie,ldobiedq@dot.gov,Pontiac,"Grand Prix",2008,13750.69
496,Bank,Perfitt,bperfittdr@who.int,Porsche,911,2000,13932.36
497,Farica,Casino,fcasinods@mayoclinic.com,Lexus,"RX Hybrid",2006,57597.12
498,Dallis,Petrescu,dpetrescudt@issuu.com,Pontiac,Vibe,2008,42967.46
499,Gaylor,Parks,gparksdu@bloglovin.com,Dodge,Dakota,2000,16518.05
500,Keefe,"Mc Mechan",kmcmechandv@nsw.gov.au,Ford,"Explorer Sport Trac",2007,41151.93
501,Renard,"De Bruijne",rdebruijnedw@ning.com,Toyota,Camry,1993,46859.48
502,Gherardo,Dransfield,gdransfielddx@stanford.edu,Dodge,Intrepid,1993,26126.67
503,Lothario,Gennrich,lgennrichdy@nifty.com,BMW,600,1959,68498.01
504,Ree,"De Filippis",rdefilippisdz@51.la,Hyundai,Accent,1999,4160.23
505,Vincenty,Giorgietto,vgiorgiettoe0@nymag.com,Pontiac,"Grand Prix",1995,15337.95
506,Netti,Hartness,nhartnesse1@amazon.co.uk,Maserati,Coupe,2006,54715.63
507,Lock,Origan,lorigane2@weebly.com,Volvo,XC70,2008,9502.74
508,Spencer,Merrilees,smerrileese3@studiopress.com,Mercedes-Benz,SL-Class,2006,23891.63
509,Tomlin,Noen,tnoene4@latimes.com,"Aston Martin",Rapide,2011,23112.24
510,Dalenna,Plitz,dplitze5@usatoday.com,Subaru,"B9 Tribeca",2007,80775.13
511,Hyatt,Lathwell,hlathwelle6@si.edu,Subaru,Tribeca,2008,36170.6
512,Barn,Salmoni,bsalmonie7@soup.io,Audi,A5,2011,54738.87
513,Sherlocke,Cream,screame8@cafepress.com,Mitsubishi,Challenger,2004,59143.41
514,Nani,Nudd,nnudde9@nifty.com,Volkswagen,"New Beetle",2007,76733.5
515,Ray,Chaize,rchaizeea@bloomberg.com,Mitsubishi,Expo,1993,29042.63
516,Cchaddie,Cottrell,ccottrelleb@tiny.cc,Volvo,V70,2009,86864.97
517,Antonina,Lerwell,alerwellec@com.com,Chevrolet,"K5 Blazer",1995,55144.33
518,Brook,Crocket,bcrocketed@columbia.edu,Maybach,57,2007,98122.56
520,Felisha,Martijn,fmartijnef@odnoklassniki.ru,Ford,Explorer,1995,43870.41
521,Annabela,Goulthorp,agoulthorpeg@tinypic.com,Buick,LeSabre,1993,76227.8
522,Godiva,Dufour,gdufoureh@bloomberg.com,Ford,"Explorer Sport Trac",2004,66251
523,Jillana,Ainscow,jainscowei@yale.edu,Ford,Mustang,1995,28309.65
524,Wallie,Sanchis,wsanchisej@xing.com,Honda,Prelude,2001,67759.76
525,Noelyn,Maulkin,nmaulkinek@chron.com,Lexus,GX,2006,15144.56
526,Charlot,Atcheson,catchesonel@angelfire.com,Chevrolet,"Suburban 1500",2004,34673.49
527,Alvina,Schimpke,aschimpkeem@arstechnica.com,Chevrolet,"Avalanche 2500",2004,71633.44
528,Malva,Lendon,mlendonen@xrea.com,Maserati,Coupe,2006,78361.38
529,Micki,Stolli,mstollieo@oracle.com,Acura,MDX,2003,95575.84
530,Babs,Halewood,bhalewoodep@addthis.com,Nissan,Altima,2003,48260.81
531,Arlene,Verrell,averrelleq@blogspot.com,Dodge,Ram,1994,82547.46
532,Humfrid,Largent,hlargenter@liveinternet.ru,Volvo,960,1995,65598.6
533,Jamesy,Pudding,jpuddinges@boston.com,Lexus,ES,2011,9133.97
534,Elsinore,Stonall,estonallet@indiegogo.com,Dodge,"D150 Club",1993,34746.69
535,Joey,Felton,jfeltoneu@vinaora.com,Dodge,D250,1992,43782.9
536,Maura,Langmuir,mlangmuirev@rediff.com,Chrysler,"Town & Country",2012,44747.63
537,Zackariah,Lumsdall,zlumsdallew@about.com,Mercedes-Benz,SLK-Class,2004,6293.92
538,Franciskus,Duxbury,fduxburyex@cdc.gov,GMC,"Savana 2500",2012,15810.47
539,William,Saterweyte,wsaterweyteey@tamu.edu,Toyota,"Land Cruiser",2013,1136.94
540,Lowell,Kentish,lkentishez@wunderground.com,Infiniti,G,1992,68448.67
541,Brody,Pillman,bpillmanf0@globo.com,Ford,F350,2009,69483.6
542,Brenda,Macia,bmaciaf1@nytimes.com,Mercedes-Benz,300E,1992,96867.43
543,Torr,Heckner,thecknerf2@goo.gl,Kia,Sedona,2012,49490.09
544,Malchy,Fleetwood,mfleetwoodf3@census.gov,Volkswagen,GTI,1985,55228.9
545,Bevan,Wetherburn,bwetherburnf4@bloglovin.com,Toyota,Sequoia,2006,16123.09
546,Page,Likly,pliklyf5@skype.com,Pontiac,Firefly,1985,9925.95
547,Ethelda,Breheny,ebrehenyf6@ucsd.edu,Jeep,Patriot,2008,26024.74
548,Dallon,Sapp,dsappf7@miibeian.gov.cn,MINI,Clubman,2009,58937.07
549,Glenn,Paddington,gpaddingtonf8@intel.com,Jeep,"Grand Cherokee",1998,40971.56
550,Alex,Wemm,awemmf9@scientificamerican.com,"Alfa Romeo",164,1995,25233.21
551,Turner,Clink,tclinkfa@parallels.com,MINI,Cooper,2002,43307.93
552,Ransell,Puig,rpuigfb@hexun.com,"Land Rover",Defender,1992,86588.56
553,Caspar,Mostin,cmostinfc@mozilla.com,Mercedes-Benz,M-Class,2004,98011.4
554,Corrina,Prestwich,cprestwichfd@dmoz.org,Ford,"Explorer Sport Trac",2000,59961.94
555,Orville,Slatter,oslatterfe@freewebs.com,Chevrolet,S10,1995,57419.29
556,Brodie,Benettini,bbenettiniff@google.co.jp,Honda,CR-V,2009,72356.06
557,Graham,Dulwitch,gdulwitchfg@joomla.org,Mazda,MX-6,1993,97243.32
558,Essie,McGill,emcgillfh@umich.edu,Toyota,"T100 Xtra",1995,52442.74
559,Murry,Stuchberry,mstuchberryfi@imdb.com,Chevrolet,"Suburban 2500",1993,91316.87
560,Sonni,Leggis,sleggisfj@amazonaws.com,Lincoln,"Continental Mark VII",1990,42312.69
561,Conrado,Cockayme,ccockaymefk@guardian.co.uk,Mercedes-Benz,SL-Class,1991,30475.84
562,Blaire,Jacklings,bjacklingsfl@intel.com,BMW,"5 Series",2005,60786.47
563,Angele,Meany,ameanyfm@amazon.de,GMC,Jimmy,1995,44414.29
564,Tommy,Lilywhite,tlilywhitefn@census.gov,Lexus,LX,2001,3148.39
565,Miltie,Bugg,mbuggfo@linkedin.com,Dodge,Avenger,2010,89384.17
566,Jefferson,Speechley,jspeechleyfp@usgs.gov,Lexus,GX,2004,47652.05
567,Madelene,Jaumet,mjaumetfq@howstuffworks.com,Acura,RL,2005,65733.29
568,Moe,Bembridge,mbembridgefr@imgur.com,Ford,Freestar,2003,85950.14
569,Arty,Antat,aantatfs@sphinn.com,Chevrolet,Express,2011,8096.88
570,Leonhard,Constantinou,lconstantinouft@who.int,Ford,Mustang,1970,94079.72
571,Olav,Hanlin,ohanlinfu@github.io,Nissan,Maxima,1999,29812.87
572,Fae,Scarasbrick,fscarasbrickfv@last.fm,Mazda,MX-6,1997,28997.3
573,Irita,Hum,ihumfw@java.com,Lincoln,MKX,2008,93857.54
574,Abigale,McPhee,amcpheefx@twitter.com,Mitsubishi,Excel,1989,42693.23
575,Magdalene,Darey,mdareyfy@godaddy.com,Dodge,"Grand Caravan",2004,42298.88
576,Rennie,Tolley,rtolleyfz@patch.com,Honda,Odyssey,2001,8348.71
577,Nerti,Hakeworth,nhakeworthg0@thetimes.co.uk,Dodge,"Ram Van 2500",1996,68373.15
578,Linzy,Turnbull,lturnbullg1@booking.com,Audi,4000s,1986,73828.68
579,Ezekiel,Prujean,eprujeang2@trellian.com,Ford,"Crown Victoria",2007,39363.58
580,Stewart,Emmanuel,semmanuelg3@businessweek.com,Mercury,Villager,1999,74318.18
581,Lindy,Overal,loveralg4@behance.net,Mercury,Topaz,1985,37828.74
582,Toddy,Human,thumang5@irs.gov,Lamborghini,Diablo,1994,6451.06
583,Patti,Melbourn,pmelbourng6@friendfeed.com,"Citroën",XLR,2009,83277.29
584,Aksel,Gauson,agausong7@opensource.org,Jeep,Liberty,2004,52360
585,Agnola,Stanborough,astanboroughg8@topsy.com,Acura,RDX,2012,76445.86
586,Manya,Pirson,mpirsong9@hc360.com,Dodge,"Grand Caravan",1996,20916.07
587,Becky,Main,bmainga@meetup.com,GMC,"Suburban 2500",1999,36715.97
588,Lucine,Napolione,lnapolionegb@huffingtonpost.com,Chevrolet,Corvette,1984,76639.45
589,Salim,Dicte,sdictegc@artisteer.com,Porsche,Boxster,2008,68650.2
590,Rodger,Filipovic,rfilipovicgd@quantcast.com,"Land Rover",LR2,2010,34184.14
591,Linnea,Georgeau,lgeorgeauge@cdc.gov,Eagle,Talon,1997,39030.34
592,Galven,Kyffin,gkyffingf@51.la,Dodge,"Ram 2500",1994,53502.3
593,Gerrard,Cousen,gcousengg@booking.com,Volkswagen,Golf,1991,39504.47
594,Hildegaard,McCullen,hmccullengh@nba.com,Daewoo,Nubira,2002,31037.74
595,Teodora,Wildbore,twildboregi@discuz.net,Mazda,"Miata MX-5",2009,80595.21
596,Dillie,Vynoll,dvynollgj@va.gov,Isuzu,Rodeo,1999,33684.07
597,Onfre,"Di Biasio",odibiasiogk@redcross.org,Toyota,Prius,2007,75340.54
598,Dusty,Kochs,dkochsgl@ox.ac.uk,Lincoln,"Continental Mark VII",1992,95029.62
599,Robenia,Bewshire,rbewshiregm@sourceforge.net,Jaguar,"XJ Series",1992,63473.38
600,Isak,Bettleson,ibettlesongn@last.fm,Volkswagen,Passat,2005,72927.99
601,Nathanael,Beddon,nbeddongo@so-net.ne.jp,Hyundai,Sonata,1993,98398.35
602,Addie,Willcocks,awillcocksgp@usa.gov,Volvo,V70,2006,8110.3
603,Norean,Macon,nmacongq@geocities.jp,GMC,"3500 Club Coupe",1998,68638.81
604,Marco,Hopkyns,mhopkynsgr@hibu.com,Eagle,Talon,1996,7110.49
605,Jenifer,Buckberry,jbuckberrygs@ow.ly,"Aston Martin","V8 Vantage",2009,77788.93
606,Wynn,Cocks,wcocksgt@webnode.com,Ford,"Econoline E350",1993,44141.96
607,Tony,Yven,tyvengu@hatena.ne.jp,Dodge,Avenger,2010,9695.8
608,Aubree,Gore,agoregv@nyu.edu,Acura,Legend,1990,24283.22
609,Slade,Matuszyk,smatuszykgw@microsoft.com,Ford,Fairlane,1966,33460.69
610,Budd,Bains,bbainsgx@howstuffworks.com,"Land Rover","Range Rover Evoque",2012,24227
611,Cloe,Bamborough,cbamboroughgy@economist.com,Chevrolet,Blazer,2005,29121.39
612,Nathalia,"De Launde",ndelaundegz@wunderground.com,Dodge,"Ram 2500",1995,50182.8
613,Trstram,Leblanc,tleblanch0@barnesandnoble.com,Mercedes-Benz,E-Class,2000,32018.62
614,Jacquette,Rentoll,jrentollh1@fema.gov,Mazda,Mazdaspeed6,2007,34091.8
615,Law,McNay,lmcnayh2@nationalgeographic.com,Infiniti,"IPL G",2012,73482.37
616,Benedick,Maseres,bmaseresh3@forbes.com,GMC,"Rally Wagon 2500",1992,92265.93
617,Flory,Dymidowicz,fdymidowiczh4@businessinsider.com,BMW,Z4,2008,29798.89
618,Gwendolyn,Capineer,gcapineerh5@vimeo.com,Acura,Legend,1994,43929.25
619,Padraig,Fessby,pfessbyh6@ed.gov,Nissan,Maxima,2004,87913.3
620,Gracia,McCarry,gmccarryh7@ucoz.com,Audi,riolet,1994,34947.67
621,Nessie,Charlotte,ncharlotteh8@example.com,Dodge,D150,1992,26414.45
622,Leanna,Porcher,lporcherh9@ucoz.com,GMC,1500,1995,66016.25
623,Adaline,Willison,awillisonha@wix.com,Ford,"E-350 Super Duty",2006,81130.56
624,Aldin,Kernley,akernleyhb@wix.com,Infiniti,J,1993,50734.26
625,Mirabella,Sturges,msturgeshc@woothemes.com,Pontiac,Safari,1986,41128.61
626,Bailie,Hullins,bhullinshd@meetup.com,Dodge,Ram,2009,12306.24
627,Wendye,Robyns,wrobynshe@sohu.com,Mazda,626,1984,37390.21
628,Chris,Faltin,cfaltinhf@scientificamerican.com,GMC,"Savana 2500",2001,73398.82
629,Juline,Ciabatteri,jciabatterihg@apple.com,Mazda,MX-5,1998,39059.22
630,Ramonda,Vidineev,rvidineevhh@google.es,Buick,Riviera,1993,55539.06
631,Fin,Butters,fbuttershi@oakley.com,Dodge,Caravan,1985,49939.92
632,Corri,Dumphrey,cdumphreyhj@msu.edu,Ford,EXP,1987,96518.46
633,Nickie,Gouldeby,ngouldebyhk@blog.com,Dodge,Neon,1999,19019.15
634,Leslie,Hannent,lhannenthl@so-net.ne.jp,Plymouth,"Grand Voyager",1992,80926.98
635,Philipa,Dennington,pdenningtonhm@nbcnews.com,Dodge,Neon,1998,26492.75
636,Alic,Demann,ademannhn@altervista.org,Dodge,Ram,2008,21215.23
637,Tedra,Copelli,tcopelliho@uiuc.edu,Dodge,"Grand Caravan",2009,56305.76
638,Idette,Tovey,itoveyhp@icio.us,Mazda,MX-5,2012,62445.47
639,Nikola,Stranio,nstraniohq@infoseek.co.jp,Dodge,Caliber,2007,1557.08
640,Linc,Bernucci,lbernuccihr@sciencedaily.com,Mercury,Mountaineer,2000,63475.2
641,Bar,Pinch,bpinchhs@xrea.com,Chevrolet,Tahoe,2004,40115.84
642,Codi,Silburn,csilburnht@yolasite.com,Mercury,"Grand Marquis",1994,7570.09
643,Barnebas,Baudone,bbaudonehu@pen.io,Toyota,Supra,1996,60735.94
644,Teressa,Savell,tsavellhv@amazon.co.uk,Porsche,911,1992,75224.81
645,Morgan,Ansett,mansetthw@bloglines.com,Ford,E-Series,1994,88082.81
646,Mommy,"De Bruijn",mdebruijnhx@biglobe.ne.jp,Mitsubishi,"Montero Sport",2004,13668.66
647,Bernard,Carey,bcareyhy@booking.com,Nissan,Pathfinder,1995,22578.6
648,Mary,Tottie,mtottiehz@buzzfeed.com,Saab,9-3,2001,60007.57
649,Jackqueline,Zoppo,jzoppoi0@umich.edu,Mercury,Milan,2009,93306.97
650,Jackelyn,Chooter,jchooteri1@reference.com,Mitsubishi,Cordia,1984,91764.62
651,Eveline,Regi,eregii2@ibm.com,Ferrari,California,2009,45532.86
652,Hermine,Croom,hcroomi3@wikipedia.org,Toyota,RAV4,2000,40992.34
653,Julianna,McKune,jmckunei4@nature.com,Ford,E350,2006,64805.64
654,Kyle,Hattoe,khattoei5@comcast.net,Oldsmobile,"Cutlass Supreme",1995,28712.59
655,Sarah,Meighan,smeighani6@icio.us,Volkswagen,riolet,1993,96877.97
656,Orin,Petrishchev,opetrishchevi7@foxnews.com,Mazda,"Miata MX-5",2006,58414.8
657,Chastity,Blackborn,cblackborni8@fotki.com,Chevrolet,"Sportvan G20",1995,39607.92
658,Elyn,Mockes,emockesi9@bbc.co.uk,Kia,Optima,2012,46035.77
659,Paquito,"O'Gormally",pogormallyia@istockphoto.com,Lexus,GS,2004,49240.63
660,Bendite,Chestney,bchestneyib@wiley.com,Infiniti,FX,2003,94102.87
661,Thatch,Hartford,thartfordic@lulu.com,Mitsubishi,Outlander,2012,98175.2
662,Fabiano,"St Ange",fstangeid@zimbio.com,Jeep,Liberty,2008,22717.18
663,Melisandra,Daverin,mdaverinie@hp.com,GMC,Safari,2005,54825.82
664,Abrahan,Cullivan,acullivanif@meetup.com,Acura,RDX,2008,18914.64
665,Nicolle,"Le Ball",nleballig@mashable.com,Mercedes-Benz,E-Class,1996,51243.92
666,Josy,Weippert,jweippertih@berkeley.edu,Isuzu,Trooper,2001,30673.26
667,Caroljean,Bickerton,cbickertonii@tinypic.com,Audi,"Coupe GT",1985,64773.02
668,Joyan,Pittwood,jpittwoodij@dot.gov,Daewoo,Leganza,2000,60031.83
669,Allsun,Bolles,abollesik@cdc.gov,Ford,"Econoline E350",1994,79565.98
670,Mandie,Buckles,mbucklesil@xrea.com,Hyundai,"Santa Fe",2008,25526.81
671,Gillie,Gilmartin,ggilmartinim@tumblr.com,Mercury,Sable,2002,6080.03
672,Doretta,Scoggin,dscogginin@newsvine.com,Nissan,Cube,2009,24623.43
673,Constancy,Duckham,cduckhamio@msn.com,"Citroën",Seville,1993,40957.97
674,Wendel,Patershall,wpatershallip@bizjournals.com,Lexus,GS,1993,1336.15
675,Anatol,Grace,agraceiq@mapy.cz,GMC,"Yukon XL 2500",2002,55317.55
676,Kassi,Loving,klovingir@hhs.gov,Pontiac,"Grand Am",2002,16742.3
677,Bella,Demaid,bdemaidis@trellian.com,Mercedes-Benz,S-Class,2001,9324.62
678,Edith,Kingstne,ekingstneit@com.com,Honda,Element,2005,22978.9
679,Franky,Sommersett,fsommersettiu@cloudflare.com,Dodge,"Grand Caravan",1992,21263.11
680,Trisha,Loughlan,tloughlaniv@ed.gov,Mitsubishi,Mirage,1992,83801.44
681,Jillian,Croose,jcrooseiw@wordpress.org,Volkswagen,Passat,2010,74434.05
682,Rubie,McLugaish,rmclugaishix@mysql.com,Mercedes-Benz,SLK-Class,2005,92502.05
683,Daisi,Screas,dscreasiy@washingtonpost.com,Volvo,S60,2004,4660.1
684,Eleanor,McKern,emckerniz@dion.ne.jp,Chrysler,Crossfire,2005,90398.08
685,Lucien,Shard,lshardj0@adobe.com,Toyota,"Land Cruiser",1999,61810.29
686,Thornton,Lloyd-Williams,tlloydwilliamsj1@sfgate.com,Infiniti,G,2000,49976.04
687,Lesley,Cottier,lcottierj2@digg.com,"Citroën",Seville,2003,32840.29
688,Torey,Cicculi,tcicculij3@patch.com,Dodge,"Ram 1500 Club",1995,11079.32
689,Barnabas,Lage,blagej4@bloomberg.com,Ford,F250,2002,22207.92
690,Lynna,Laidel,llaidelj5@github.io,Nissan,Pathfinder,2007,51851.79
691,Fay,Ondrich,fondrichj6@answers.com,Mercedes-Benz,R-Class,2010,62179.99
692,Myrle,Kaasmann,mkaasmannj7@apache.org,Volkswagen,Passat,1990,4910.08
693,Rae,Stanfield,rstanfieldj8@icq.com,Chevrolet,Metro,2000,22949.44
694,Adele,Lyles,alylesj9@google.co.jp,Chevrolet,"Silverado 2500",2006,55660.56
695,Gillie,Gayter,ggayterja@usda.gov,Honda,Odyssey,2002,49649.55
696,Hildy,Robbins,hrobbinsjb@sohu.com,Chevrolet,S10,1998,43752.44
697,Bride,Everley,beverleyjc@csmonitor.com,Jeep,Wrangler,2008,38050.48
698,Hagan,Leverton,hlevertonjd@dot.gov,Volvo,S40,2007,38509.13
699,Batholomew,McGrail,bmcgrailje@bing.com,Suzuki,Vitara,2001,74391.03
700,Clayborne,Davydenko,cdavydenkojf@cyberchimps.com,Pontiac,LeMans,1965,49922.55
701,Alla,Kubal,akubaljg@ycombinator.com,Chevrolet,"Express 1500",1998,41128.52
702,Carlin,Debill,cdebilljh@gravatar.com,Ford,Mustang,1985,32863.45
703,Lanny,Wainer,lwainerji@wikipedia.org,Pontiac,6000,1989,45422.07
704,Sollie,Scranny,sscrannyjj@tmall.com,Lexus,HS,2011,22750.15
705,Galvin,Leipelt,gleipeltjk@google.ca,Chevrolet,"Silverado 1500",2002,87516.2
706,Sylvester,Chene,schenejl@hao123.com,Subaru,Outback,2009,79299.99
707,Raye,Beevers,rbeeversjm@wiley.com,Volkswagen,Jetta,1986,26994.72
708,Cello,Bathoe,cbathoejn@yahoo.co.jp,Chrysler,Crossfire,2005,22889.29
709,Nancy,Cristofol,ncristofoljo@umn.edu,Pontiac,"Grand Am",1997,23532.38
710,Veradis,Ropkes,vropkesjp@cloudflare.com,Lexus,RX,2005,42950.86
711,Ebba,Weatherhogg,eweatherhoggjq@archive.org,GMC,Savana,2011,77469.2
712,Corina,Fernie,cferniejr@netvibes.com,Ford,F150,2009,19940.47
713,June,Benkhe,jbenkhejs@archive.org,Ford,Excursion,2002,28397.36
714,Vera,Klimp,vklimpjt@geocities.com,Isuzu,Rodeo,1995,1621
715,Ali,Haddick,ahaddickju@princeton.edu,Dodge,Shadow,1993,30623.79
716,Dimitri,Klimpke,dklimpkejv@washingtonpost.com,Nissan,240SX,1994,24859.66
717,Sisile,Laydon,slaydonjw@amazon.co.uk,Mercury,Topaz,1986,4592.95
718,Nonie,Maitland,nmaitlandjx@cargocollective.com,Toyota,Avalon,2005,68369.23
719,Shelbi,Boutton,sbouttonjy@typepad.com,Dodge,"Ram Van 1500",2000,38303.54
720,Ailey,Mannock,amannockjz@washington.edu,Dodge,"Ram Van 2500",2002,4127.74
721,Christalle,Davenhill,cdavenhillk0@github.com,Chrysler,Concorde,1999,94734.44
722,Edmon,McBeith,emcbeithk1@hp.com,Toyota,TundraMax,2011,43520.85
723,Morna,Ramelot,mramelotk2@apache.org,Chevrolet,Blazer,2004,40617.09
724,Patrizio,Elsey,pelseyk3@house.gov,"Land Rover","Discovery Series II",2002,65772.89
725,Rica,Guisot,rguisotk4@google.es,Plymouth,"Colt Vista",1993,51570.7
726,Mufi,Berryman,mberrymank5@exblog.jp,Mercedes-Benz,500SL,1992,96228.98
727,Quintilla,Crampin,qcrampink6@microsoft.com,Chevrolet,"Monte Carlo",2006,43512.22
728,Al,Whyborn,awhybornk7@jalbum.net,Mazda,Millenia,1996,85344.81
729,Clyve,Bottom,cbottomk8@angelfire.com,Infiniti,G37,2009,19853.73
730,Elora,Fell,efellk9@ucoz.com,Scion,xA,2005,5669.89
731,Irma,Wurz,iwurzka@wiley.com,Mazda,Familia,1992,26665.54
732,Celestia,Livsey,clivseykb@freewebs.com,Ford,Freestyle,2006,18583.67
733,Silvain,Hugnot,shugnotkc@noaa.gov,Toyota,MR2,1992,23423.61
734,Moises,Zumbusch,mzumbuschkd@thetimes.co.uk,Mercedes-Benz,CLK-Class,2008,37465.69
735,Annis,Eagling,aeaglingke@ibm.com,Honda,Crosstour,2012,66690.45
736,Kippy,Maillard,kmaillardkf@symantec.com,Volkswagen,Tiguan,2011,25666.22
737,Dulci,Dominighi,ddominighikg@bloomberg.com,Bentley,"Continental GT",2009,18078.36
738,Giustina,Thorley,gthorleykh@admin.ch,Porsche,Cayenne,2010,31685.05
739,Erhard,Ellacott,eellacottki@dmoz.org,Mercedes-Benz,E-Class,2009,65014.78
740,Morissa,Dunkerton,mdunkertonkj@about.me,Volvo,S80,2000,8426.78
741,Lancelot,Ledington,lledingtonkk@disqus.com,Lamborghini,Diablo,1993,78688.5
742,Libbie,Mattisssen,lmattisssenkl@vistaprint.com,Infiniti,G,2006,1810.22
743,Aura,"De Biasio",adebiasiokm@addthis.com,Jaguar,X-Type,2006,16172.84
744,Sioux,Reglar,sreglarkn@plala.or.jp,Volkswagen,Jetta,2009,68448.85
745,Karyl,Doelle,kdoelleko@netvibes.com,Acura,MDX,2006,69615.48
746,Mitzi,Faraker,mfarakerkp@parallels.com,Mitsubishi,"Outlander Sport",2011,59847.05
747,Philbert,McClounan,pmcclounankq@mozilla.com,Toyota,"Land Cruiser",1999,43843.34
748,Rowland,Acarson,racarsonkr@senate.gov,Chevrolet,"Silverado 2500",2012,9151.32
749,Spense,Swynley,sswynleyks@quantcast.com,Jeep,Compass,2009,26635.24
750,Darline,Newbatt,dnewbattkt@vkontakte.ru,BMW,"X5 M",2013,18093.93
751,Karoly,Augustin,kaugustinku@cloudflare.com,Ford,Ranger,1989,39489.37
752,Adda,Scipsey,ascipseykv@artisteer.com,Chevrolet,Blazer,2003,32557.52
753,Germayne,Chillingworth,gchillingworthkw@gnu.org,Pontiac,Firebird,1987,45491.97
754,Bibbie,Ferrige,bferrigekx@joomla.org,Mazda,626,1998,13379.31
755,Annamarie,Chismon,achismonky@instagram.com,Maybach,Landaulet,2011,36020.52
756,Nico,Brawley,nbrawleykz@freewebs.com,Ford,Bronco,1991,74421.95
757,Ara,Binnie,abinniel0@geocities.jp,GMC,Yukon,1993,2562.76
758,Ofella,Layland,olaylandl1@digg.com,Buick,"Park Avenue",1992,17225.46
759,Stevana,Duprey,sdupreyl2@webnode.com,GMC,"Suburban 2500",1996,74665.91
760,Katharina,Shine,kshinel3@ask.com,Volvo,740,1992,79442.62
761,Godwin,Laurie,glauriel4@addtoany.com,Mazda,"Miata MX-5",2006,5994.06
762,Rustin,Headly,rheadlyl5@tuttocitta.it,BMW,"1 Series",2008,20372.38
763,Valaria,Paoletto,vpaolettol6@cloudflare.com,Volkswagen,Scirocco,1984,75460.99
764,Ula,Jerzycowski,ujerzycowskil7@globo.com,Volkswagen,"Type 2",1990,14468.34
765,Dix,Pettus,dpettusl8@cornell.edu,Pontiac,"Grand Prix",1998,25324.6
766,Scarlett,Raikes,sraikesl9@npr.org,Chrysler,LHS,1999,43757.3
767,Blayne,Masarrat,bmasarratla@cisco.com,Buick,Lucerne,2009,87713.62
768,Ayn,Full,afulllb@sourceforge.net,Mercury,Marauder,2003,41202.26
769,Olly,Lies,olieslc@twitter.com,Ford,F250,1984,58299.28
770,Brent,Emanueli,bemanuelild@ezinearticles.com,Ford,Aerostar,1986,54511.39
771,James,Ateridge,jateridgele@geocities.com,Mazda,RX-8,2008,69733.2
772,Gillian,Syalvester,gsyalvesterlf@dyndns.org,BMW,"3 Series",2001,66930.2
773,Hedvig,Danne,hdannelg@google.de,Dodge,"Dakota Club",1996,37131.93
774,Brianne,Mosedill,bmosedilllh@youtu.be,Lexus,GS,2003,5450.11
775,Nari,Fosbraey,nfosbraeyli@businessweek.com,Nissan,Altima,2004,77582.79
776,Sophronia,Pelham,spelhamlj@deviantart.com,Nissan,Altima,1999,53484.72
777,Meier,Herreran,mherreranlk@columbia.edu,Lamborghini,Diablo,2001,59175.55
778,Alisander,Tenant,atenantll@ucoz.ru,Maserati,Spyder,1991,77869.25
779,Auria,Poundesford,apoundesfordlm@jugem.jp,Pontiac,Chevette,1987,13458.08
780,Pietra,Billin,pbillinln@alibaba.com,Chevrolet,"Express 3500",2005,17663.86
781,Jewell,Sturton,jsturtonlo@accuweather.com,Mitsubishi,Montero,2006,20864.95
782,Koral,Yurocjhin,kyurocjhinlp@springer.com,Ford,"Five Hundred",2005,42210.55
784,Sonny,Lindeberg,slindeberglr@marketwatch.com,Chevrolet,"Avalanche 2500",2006,51663.81
785,Celinda,Stentiford,cstentifordls@yahoo.co.jp,Lincoln,Blackwood,2002,63769.15
786,Eli,Sellick,esellicklt@bbc.co.uk,Chevrolet,"Sportvan G10",1993,19627.15
787,Fonzie,MacDonald,fmacdonaldlu@studiopress.com,Volkswagen,GTI,1985,22648.83
788,Genny,Schruyers,gschruyerslv@springer.com,Kia,Rio,2006,14633.13
789,Francesca,Marchi,fmarchilw@canalblog.com,Nissan,"350Z Roadster",2006,89314.76
790,Margarethe,Beer,mbeerlx@blog.com,Buick,LeSabre,2004,41922.53
791,Hildy,Simmank,hsimmankly@mediafire.com,Chrysler,Concorde,1995,94242.28
792,Barby,Wilcinskis,bwilcinskislz@php.net,Rolls-Royce,Phantom,2011,47929.73
793,Tomkin,Dwane,tdwanem0@ustream.tv,Mercedes-Benz,SLS-Class,2011,54579.73
794,Marieann,Tiltman,mtiltmanm1@cargocollective.com,Chrysler,Crossfire,2007,98220.88
795,Carlye,Lumbers,clumbersm2@prweb.com,Suzuki,Sidekick,1996,95504.52
796,Pooh,Skeggs,pskeggsm3@barnesandnoble.com,"Aston Martin","V8 Vantage",2010,43074.92
797,Camila,Furlong,cfurlongm4@ow.ly,Infiniti,QX,2012,35427.7
798,Tailor,Hennington,thenningtonm5@about.me,Mercedes-Benz,G-Class,2011,46668.63
799,Sallyanne,Sommerlin,ssommerlinm6@amazon.com,Jaguar,S-Type,2008,26630.14
800,Zarah,Wieprecht,zwieprechtm7@google.cn,BMW,"5 Series",2002,22220.73
801,Jarrod,Churchouse,jchurchousem8@baidu.com,Dodge,Avenger,1999,12464.43
802,Roderic,Gillatt,rgillattm9@sun.com,Dodge,Avenger,2000,62257.06
803,Geri,Weeks,gweeksma@soup.io,Mercury,Villager,2002,34567.44
804,Renato,Colenutt,rcolenuttmb@spiegel.de,Volkswagen,GTI,1988,44283.41
805,Garald,Wooland,gwoolandmc@dedecms.com,Ford,Falcon,1967,16534.27
806,Holli,Buckoke,hbuckokemd@wix.com,Toyota,MR2,2004,46790.97
807,Eduard,Lemonby,elemonbyme@behance.net,Buick,Special,1962,16743.11
808,Erv,Haverson,ehaversonmf@abc.net.au,Hummer,H1,1997,57222.26
809,Yolanthe,Risom,yrisommg@ed.gov,Ford,Mustang,1983,46143.99
810,Patty,Clout,pcloutmh@so-net.ne.jp,Volvo,S60,2010,40185.72
811,Findley,Stubbings,fstubbingsmi@woothemes.com,Subaru,SVX,1995,70072.32
812,Cassandre,Brettoner,cbrettonermj@hud.gov,Mercury,Sable,1989,20375.36
813,Ellissa,Vearncombe,evearncombemk@google.com.au,Volkswagen,Jetta,1990,19128.49
814,Zedekiah,Gorger,zgorgerml@so-net.ne.jp,Nissan,Altima,1996,42445.12
815,Denni,Weldon,dweldonmm@youtu.be,Kia,Sportage,2006,5384.93
816,Bambie,Brennans,bbrennansmn@cdbaby.com,GMC,"Sierra Hybrid",2006,34403.28
817,Koressa,Bridgewater,kbridgewatermo@linkedin.com,Chevrolet,3500,1998,33338.9
818,Peder,Ramsdell,pramsdellmp@va.gov,Toyota,Tacoma,2000,92697
819,Templeton,Darlison,tdarlisonmq@scientificamerican.com,Lexus,GX,2009,20191.19
820,Luis,Woolveridge,lwoolveridgemr@disqus.com,Kia,Spectra,2007,52989.11
821,Leyla,Dickerson,ldickersonms@yellowpages.com,Chevrolet,"Monte Carlo",1997,36022.6
822,Trip,Jakeman,tjakemanmt@slideshare.net,GMC,"Suburban 1500",1992,74069.08
823,Sibley,Jeafferson,sjeaffersonmu@wufoo.com,Buick,Somerset,1986,86128.2
824,Leopold,Roubay,lroubaymv@last.fm,GMC,"Savana 3500",1998,30250.78
825,Tersina,Jorge,tjorgemw@japanpost.jp,GMC,"Yukon XL 2500",2002,69350.75
826,Rosette,Ebbings,rebbingsmx@mac.com,Mercedes-Benz,300CE,1992,7708.82
827,Karee,Lincey,klinceymy@naver.com,Isuzu,Oasis,1997,6504.92
828,Tracey,Anstis,tanstismz@blinklist.com,Hummer,H1,2001,64615.23
829,Ritchie,Templman,rtemplmann0@surveymonkey.com,Lotus,Elan,1993,8656.35
830,Maurizio,Croose,mcroosen1@wikia.com,Jaguar,S-Type,2007,37756.27
831,Marlo,Binley,mbinleyn2@yale.edu,Hyundai,Elantra,1998,49176.48
832,Selma,Trehearne,strehearnen3@nyu.edu,Honda,Insight,2011,69889.04
833,Sammy,MacLaig,smaclaign4@yolasite.com,Audi,A8,2011,25828.88
834,Giacopo,Tolley,gtolleyn5@paypal.com,Foose,Hemisfear,2007,47736.78
835,Viv,Ballantine,vballantinen6@nifty.com,Eagle,Summit,1993,29397.51
836,Pavia,Thorns,pthornsn7@de.vu,Chevrolet,Tracker,1999,5366.1
837,Hort,Groombridge,hgroombridgen8@artisteer.com,Mercedes-Benz,500SL,1993,76810.82
838,Beilul,Overall,boveralln9@google.com.br,Ford,Excursion,2000,14916.27
839,Hebert,Haye,hhayena@trellian.com,Plymouth,Horizon,1978,87260.21
840,Creight,"O'Luby",colubynb@delicious.com,Chevrolet,"Suburban 2500",2010,47000.42
841,Lorin,Antonin,lantoninnc@google.pl,Ferrari,"599 GTB Fiorano",2008,39888.21
842,Ruby,Briiginshaw,rbriiginshawnd@usgs.gov,Lincoln,"Town Car",1984,51507.62
843,Lavinie,Segges,lseggesne@a8.net,Dodge,Durango,2004,12317.47
844,Gregorio,Oakton,goaktonnf@mediafire.com,Nissan,350Z,2003,94231.92
845,Nicolas,Cadwaladr,ncadwaladrng@google.ca,Nissan,Maxima,1996,36912.77
846,Marcia,Zamorano,mzamoranonh@ucoz.ru,Saab,9000,1988,12976.47
847,Delilah,Danforth,ddanforthni@biglobe.ne.jp,Chevrolet,Tahoe,2010,54352.69
848,Adara,Kowalski,akowalskinj@icio.us,Pontiac,"Grand Prix",1969,66337.71
849,Maddi,Allain,mallainnk@nyu.edu,Mitsubishi,Precis,1992,24381.61
850,Sheila-kathryn,Dunphie,sdunphienl@baidu.com,Buick,LeSabre,1986,3966.07
851,Meggy,Ubee,mubeenm@google.com.hk,Ford,Thunderbird,1955,96336.65
852,Rabi,Leggon,rleggonnn@qq.com,Ford,Expedition,2010,42570.39
853,Ashley,Jandl,ajandlno@fc2.com,Ford,F250,2006,28861.53
854,Any,Lurcock,alurcocknp@prlog.org,Scion,xA,2004,72619.62
855,Errick,Potier,epotiernq@rakuten.co.jp,Toyota,"Tacoma Xtra",2003,87322.4
856,Lazare,Dumphries,ldumphriesnr@slideshare.net,"Citroën",Eldorado,1992,7989.01
857,Townsend,Tidd,ttiddns@dion.ne.jp,Porsche,944,1986,34554.35
858,Hedvige,Redmile,hredmilent@etsy.com,Dodge,"Ram 3500",2001,9568.65
859,Winona,Chadbourne,wchadbournenu@icq.com,Subaru,Baja,2003,23776.3
860,Morganne,Jancy,mjancynv@eventbrite.com,Chevrolet,Camaro,1975,12802.84
861,Lionello,Elsie,lelsienw@linkedin.com,Ford,F250,1997,90578.47
862,Kikelia,Pagon,kpagonnx@usatoday.com,Ford,Mustang,2013,34044.73
863,Dacey,Bernuzzi,dbernuzziny@163.com,Mitsubishi,Galant,2009,74006.99
864,Murielle,Kitley,mkitleynz@cpanel.net,Toyota,Supra,1993,46260.84
865,Chev,McCreery,cmccreeryo0@apache.org,Honda,CR-V,2002,68266.54
866,Mordecai,Tanzer,mtanzero1@dell.com,Chrysler,300M,2002,25254.65
867,Miran,Lapslie,mlapslieo2@timesonline.co.uk,Dodge,D150,1992,26292.08
868,Moyna,Standrin,mstandrino3@samsung.com,Mercedes-Benz,300TE,1993,23174.58
869,Baird,Huzzey,bhuzzeyo4@tinypic.com,Ford,Thunderbird,1997,53116.06
870,Niels,Seid,nseido5@weather.com,Subaru,XT,1988,25611.05
871,Damian,Rushbury,drushburyo6@cbslocal.com,Volkswagen,Golf,1993,76005.23
873,Silvanus,Lillow,slillowo8@themeforest.net,Volkswagen,Jetta,1999,38681.16
874,See,Syer,ssyero9@weather.com,Chevrolet,"Monte Carlo",1997,43561.05
875,Bevon,Loughman,bloughmanoa@mashable.com,Dodge,"Grand Caravan",1997,6157.72
876,Morgen,Yelland,myellandob@wired.com,Pontiac,Firebird,1999,39410.2
877,Jethro,Attoe,jattoeoc@digg.com,Ford,F150,1998,19373.12
878,Franny,Wooffitt,fwooffittod@indiegogo.com,Mercedes-Benz,G-Class,2006,15219.73
879,Jerome,Elmore,jelmoreoe@independent.co.uk,Lotus,Esprit,1994,54323.73
880,Rollin,Monnelly,rmonnellyof@tuttocitta.it,Toyota,Sequoia,2011,46618.05
881,Tamqrah,Gibbie,tgibbieog@sourceforge.net,Mitsubishi,"Montero Sport",1997,88070.09
882,Kellen,Maroney,kmaroneyoh@livejournal.com,Mazda,"Miata MX-5",2010,56017.06
883,Midge,Blesing,mblesingoi@squidoo.com,Acura,RDX,2008,96545.1
884,Rusty,Hartnup,rhartnupoj@google.com,Chevrolet,"Silverado 1500",2008,43533.84
885,Patrice,Tweddell,ptweddellok@umich.edu,Chevrolet,Corvette,1966,39874.37
886,Uriel,Gilliatt,ugilliattol@yahoo.co.jp,Chevrolet,"Express 1500",2009,35168.4
887,Livvie,Bossom,lbossomom@google.nl,Oldsmobile,Silhouette,2000,22691.45
888,Vaughn,Wesson,vwessonon@sogou.com,Pontiac,Firefly,1985,96318.27
889,Casar,Corness,ccornessoo@tmall.com,Ford,Focus,2005,83408.01
890,Jorey,Nolin,jnolinop@booking.com,Pontiac,"Grand Prix Turbo",1990,89232.29
891,Jacquenetta,Pedrol,jpedroloq@berkeley.edu,Chevrolet,"Sportvan G20",1995,62176.25
892,Edi,Mizzi,emizzior@cargocollective.com,Jeep,Compass,2011,63797.46
893,Fergus,Ardy,fardyos@gravatar.com,Nissan,Versa,2012,81730.68
894,Gwenni,Burrass,gburrassot@jalbum.net,Nissan,Altima,2005,89949.1
895,Justinn,MacGiffin,jmacgiffinou@irs.gov,Porsche,Cayman,2007,12696.7
896,Ara,Gatley,agatleyov@msn.com,Chevrolet,"Express 3500",2011,71397.55
897,Erna,Gors,egorsow@nature.com,Honda,Odyssey,2002,1188.15
898,Leeann,Rubinchik,lrubinchikox@fotki.com,Chevrolet,Silverado,1999,75574.92
899,Jobi,Kinnin,jkinninoy@lycos.com,Ford,E-Series,2002,94682.05
900,Eba,Cordeiro,ecordeirooz@sohu.com,Chevrolet,Astro,1993,21061.8
901,Ludovico,Thalmann,lthalmannp0@skyrock.com,GMC,"2500 Club Coupe",1995,96408.9
902,Arin,Fass,afassp1@nih.gov,Mazda,CX-9,2010,11195.67
903,Opalina,Preble,opreblep2@google.pl,Lincoln,Continental,1986,98628.28
904,Vina,Westmacott,vwestmacottp3@sphinn.com,GMC,"2500 Club Coupe",1996,78885.91
905,Katya,Isgate,kisgatep4@sun.com,Toyota,Tacoma,2012,15479.66
906,Pauletta,Corsor,pcorsorp5@pinterest.com,Honda,Element,2010,8913.35
907,Dud,Jizhaki,djizhakip6@wufoo.com,"Citroën",DeVille,1998,24757.17
908,Rebecca,Bleackley,rbleackleyp7@youtu.be,Ford,Explorer,1991,30264.2
909,Arlee,Khomishin,akhomishinp8@dedecms.com,Ford,Tempo,1985,4734.54
910,Page,Anear,panearp9@webs.com,Toyota,Corolla,2000,62901.5
911,Scarlet,Rubie,srubiepa@prlog.org,Maserati,Quattroporte,2005,85819.73
912,Barny,Chiommienti,bchiommientipb@phpbb.com,Chrysler,Aspen,2009,18900.21
913,Tasia,Norman,tnormanpc@ftc.gov,Chevrolet,"Silverado 3500",2009,70099.08
914,Minny,Dy,mdypd@youtube.com,Lincoln,"Town Car",1995,32080.29
915,Lita,Dudden,lduddenpe@photobucket.com,Lexus,GX,2007,81605.04
916,Loralyn,Gilson,lgilsonpf@delicious.com,Dodge,Caravan,2000,53083.18
917,Lynn,Gardener,lgardenerpg@jigsy.com,Aptera,2e,2009,78408.45
918,Irena,Judge,ijudgeph@ebay.co.uk,Mitsubishi,Lancer,2012,10435.87
919,Valma,Fligg,vfliggpi@ycombinator.com,Volkswagen,GTI,2003,1164.56
920,Reynolds,Dunabie,rdunabiepj@odnoklassniki.ru,Infiniti,QX,1997,76827.29
921,Hieronymus,Spofforth,hspofforthpk@ed.gov,Infiniti,I,1998,87634.96
922,Karoly,Leddy,kleddypl@addthis.com,GMC,"Envoy XL",2002,31588.01
923,Yardley,Fritschel,yfritschelpm@cdc.gov,Hyundai,Accent,2004,68992.6
924,Terry,Cortese,tcortesepn@gravatar.com,Mitsubishi,Mirage,1991,83400
925,Wallis,Foker,wfokerpo@canalblog.com,Nissan,Altima,1994,70362.45
926,Caprice,McShirie,cmcshiriepp@hp.com,Nissan,Frontier,2000,57759.34
927,Olva,Buttfield,obuttfieldpq@europa.eu,Honda,Accord,2010,46271.44
928,Gawen,Ravenshaw,gravenshawpr@flavors.me,Hyundai,Tiburon,2000,83639.86
929,Juline,Bestman,jbestmanps@scientificamerican.com,Hummer,"H2 SUV",2006,66120.56
930,Elora,McColgan,emccolganpt@mayoclinic.com,Ford,E150,2011,41922.62
931,Rubetta,Dring,rdringpu@washington.edu,Kia,Sephia,1997,74170.03
932,Salomo,Pikett,spikettpv@boston.com,Oldsmobile,Bravada,1994,89457.18
933,Jay,Connue,jconnuepw@microsoft.com,Chevrolet,"Suburban 2500",2006,67505.72
934,Hendrika,Woolward,hwoolwardpx@princeton.edu,Nissan,Sentra,2012,78224.15
935,Hobard,Dudman,hdudmanpy@taobao.com,Audi,A6,1997,34170.33
937,Addie,Cutts,acuttsq0@icio.us,Mercury,Topaz,1990,1375.26
938,Xerxes,Bixley,xbixleyq1@about.com,Chevrolet,"Express 1500",2011,86616.49
939,Tabbitha,Mico,tmicoq2@thetimes.co.uk,Dodge,"Ram Van 3500",1996,26363.21
940,Marielle,Cohane,mcohaneq3@sbwire.com,Lincoln,"Navigator L",2009,28928.69
941,Seamus,Canedo,scanedoq4@ifeng.com,Dodge,Challenger,2009,89406.58
942,Mohandis,Diano,mdianoq5@infoseek.co.jp,Subaru,Brat,1985,25396.36
943,Hymie,Bittleson,hbittlesonq6@zimbio.com,"Citroën",Seville,2004,84897.44
944,Sonia,Joselevitch,sjoselevitchq7@disqus.com,Nissan,Sentra,1992,92895.89
945,Maggy,Mulcock,mmulcockq8@thetimes.co.uk,"Citroën",SM,1972,29279.11
946,Corliss,"St Louis",cstlouisq9@yahoo.co.jp,Ford,Mustang,2012,51305.16
947,Daloris,Tripony,dtriponyqa@live.com,Pontiac,"Grand Prix",1994,89554.29
948,Maxim,Ulster,mulsterqb@woothemes.com,Oldsmobile,88,1995,26172.95
949,Goran,Joisce,gjoisceqc@lulu.com,Mitsubishi,RVR,1992,97378.99
950,Stacey,Reckus,sreckusqd@posterous.com,Kia,Optima,2012,45153.75
951,Desdemona,Iacomo,diacomoqe@alexa.com,Saab,9-3,2004,97364.31
952,Costanza,Hrinchenko,chrinchenkoqf@tumblr.com,Chevrolet,"Avalanche 1500",2003,73292
953,Nannie,Crunden,ncrundenqg@ask.com,Ford,"Econoline E250",1998,41874.23
954,Corabelle,Pignon,cpignonqh@china.com.cn,Isuzu,i-370,2007,31771.75
955,Arlyn,Berick,aberickqi@quantcast.com,"Citroën",STS,2005,20760.9
956,Preston,Twyford,ptwyfordqj@prweb.com,GMC,"1500 Club Coupe",1993,90037.8
957,Rooney,Bloxham,rbloxhamqk@omniture.com,Rolls-Royce,Phantom,2006,7176.53
958,Nike,Bilsford,nbilsfordql@yandex.ru,Volkswagen,Passat,2000,97573.85
959,Kalvin,Gawn,kgawnqm@linkedin.com,Mazda,MX-5,1998,88142.14
960,Latrina,McNabb,lmcnabbqn@thetimes.co.uk,Chevrolet,"Express 3500",2011,50919.29
961,Corly,Smalcombe,csmalcombeqo@noaa.gov,Kia,Sedona,2003,88087.89
962,Bidget,Chyuerton,bchyuertonqp@msu.edu,Jeep,"Grand Cherokee",2011,38988.39
963,Osmund,McAne,omcaneqq@state.gov,"Aston Martin",Rapide,2011,12875.41
964,Carmela,Lamburn,clamburnqr@ehow.com,BMW,"7 Series",2005,73278.37
965,Tamra,Denerley,tdenerleyqs@statcounter.com,Dodge,"Ram 2500",1996,28536.78
966,Bettye,Cluley,bcluleyqt@examiner.com,Pontiac,6000,1984,96514.8
967,Edy,Damato,edamatoqu@networksolutions.com,Mitsubishi,Challenger,2000,78572.68
968,Willie,Delaprelle,wdelaprelleqv@oracle.com,Lexus,IS-F,2011,85524.6
969,Yoshi,Shark,ysharkqw@miibeian.gov.cn,Mitsubishi,Cordia,1986,6242.7
970,Mervin,Pitcher,mpitcherqx@umn.edu,Toyota,Celica,1995,99230.92
971,Cosetta,Maw,cmawqy@geocities.com,Subaru,Justy,1991,93368.21
972,Garvin,Thresher,gthresherqz@salon.com,Honda,Pilot,2005,28052.3
973,Rea,Garioch,rgariochr0@webs.com,BMW,Z3,2002,16610.49
974,Fabe,Challes,fchallesr1@nytimes.com,Toyota,"Land Cruiser",1998,28150.66
975,Catlaina,Pitceathly,cpitceathlyr2@usa.gov,GMC,Yukon,2008,14140.51
976,Jeanne,Bunker,jbunkerr3@com.com,Chevrolet,"G-Series G30",1993,87144.23
977,Bing,Denziloe,bdenziloer4@macromedia.com,Hummer,H1,1996,67780.83
978,Daisi,Brando,dbrandor5@yellowbook.com,Nissan,Sentra,1998,95130.64
979,Tymothy,Chappel,tchappelr6@nytimes.com,Chevrolet,"Express 2500",1996,52191.39
980,Lorette,Thominga,lthomingar7@reverbnation.com,Dodge,"Ram 2500",2001,82313.6
981,Gratiana,Grinaway,ggrinawayr8@zdnet.com,Ford,E-Series,2010,88232.8
982,Janessa,Delue,jdeluer9@utexas.edu,Hyundai,Tiburon,1999,5915.63
983,Lela,Mauro,lmaurora@hatena.ne.jp,Volvo,XC70,2003,21743.06
984,Victor,Kimm,vkimmrb@telegraph.co.uk,Nissan,Pathfinder,2007,37687.51
985,Shelby,Bownass,sbownassrc@imdb.com,Pontiac,Vibe,2007,3134.09
986,Othella,McKitterick,omckitterickrd@rambler.ru,Saturn,Ion,2005,23727.1
987,Louella,Manz,lmanzre@moonfruit.com,GMC,Yukon,1996,57623.6
988,Shermie,Winterburn,swinterburnrf@wikimedia.org,GMC,Yukon,2004,47821.09
989,Mel,Ruggieri,mruggierirg@topsy.com,Toyota,Tacoma,2009,74765.37
990,Larisa,Smoth,lsmothrh@pcworld.com,Hummer,H2,2003,83597.75
991,Bruis,Abramowitch,babramowitchri@thetimes.co.uk,Jaguar,XF,2010,94368.84
992,Robin,Imlaw,rimlawrj@creativecommons.org,Buick,Century,1994,33981.02
993,Jeddy,Wadeling,jwadelingrk@cargocollective.com,"Citroën",CTS,2011,24287.96
994,Claudelle,Proske,cproskerl@utexas.edu,Dodge,"Ram 2500 Club",1998,10328.17
995,Reinald,Rambadt,rrambadtrm@rediff.com,BMW,750,2006,87034.28
996,Galvan,Tinham,gtinhamrn@ucla.edu,Mercedes-Benz,GL-Class,2008,31640.89
997,Farris,Salisbury,fsalisburyro@nymag.com,Infiniti,Q,2001,99995.45
998,Almeria,Benn,abennrp@posterous.com,Hillman,"Minx Magnificent",1950,63677.58
999,Aldwin,Carter,acarterrq@tiny.cc,BMW,"3 Series",2003,21239.93
1000,Sherwynd,Mauro,smaurorr@e-recht24.de,Chevrolet,Lumina,1992,55864.39
1001,Sherwynd,Mauro,smaurorr@e-recht24.de,Chevrolet,Lumina,1992,55864.39
1002,Aldwin,Carter,acarterrq@tiny.cc,BMW,"3 Series",2003,21239.93
1003,Sherwynd,Mauro,smaurorr@e-recht24.de,Chevrolet,Lumina,1992,55864.39
